{"type":"FeatureCollection","features":[{"type":"Feature","properties":{"id":"DE12","name":"Karlsruhe"},"geometry":{"type":"MultiPolygon","coordinates":[[[[9.411,49.663],[9.604,49.427],[9.443,49.364],[9.049,49.293],[8.818,49.194],[8.878,49.058],[8.876,49.035],[8.929,48.867],[8.804,48.778],[8.769,48.522],[8.756,48.504],[8.774,48.416],[8.737,48.378],[8.304,48.349],[8.222,48.603],[7.96,48.719],[8.233,48.967],[8.261,48.981],[8.277,48.99],[8.28,48.992],[8.282,48.993],[8.284,48.995],[8.286,48.997],[8.288,48.998],[8.292,49.004],[8.293,49.006],[8.296,49.011],[8.297,49.014],[8.299,49.017],[8.3,49.02],[8.3,49.022],[8.301,49.024],[8.301,49.027],[8.302,49.031],[8.303,49.035],[8.304,49.041],[8.306,49.045],[8.309,49.05],[8.312,49.054],[8.314,49.058],[8.316,49.06],[8.318,49.063],[8.321,49.065],[8.324,49.068],[8.328,49.072],[8.331,49.074],[8.34,49.08],[8.413,49.25],[8.467,49.283],[8.487,49.29],[8.489,49.298],[8.484,49.305],[8.463,49.312],[8.497,49.411],[8.473,49.444],[8.423,49.542],[8.423,49.574],[8.422,49.583],[8.581,49.52],[8.9,49.504],[9.084,49.526],[9.103,49.577],[9.411,49.663]]]]}},{"type":"Feature","properties":{"id":"DE13","name":"Freiburg"},"geometry":{"type":"MultiPolygon","coordinates":[[[[8.222,48.603],[8.304,48.349],[8.737,48.378],[8.751,48.16],[8.956,48.104],[9.012,47.937],[9.129,47.847],[9.182,47.656],[8.67,47.685],[8.663,47.686],[8.614,47.801],[8.51,47.776],[8.514,47.628],[8.426,47.568],[7.894,47.586],[7.714,47.539],[7.619,47.558],[7.619,47.579],[7.589,47.59],[7.546,47.744],[7.577,48.116],[7.577,48.119],[7.681,48.257],[7.96,48.719],[8.222,48.603]]]]}},{"type":"Feature","properties":{"id":"DE14","name":"T\u00fcbingen"},"geometry":{"type":"MultiPolygon","coordinates":[[[[9.944,48.632],[10.231,48.511],[10.134,48.455],[10.033,48.457],[9.998,48.35],[10.095,48.164],[10.136,48.108],[10.115,47.976],[10.105,47.975],[10.11,47.937],[10.132,47.82],[10.077,47.639],[9.692,47.61],[9.559,47.542],[9.507,47.55],[9.182,47.656],[9.129,47.847],[9.012,47.937],[8.956,48.104],[8.751,48.16],[8.737,48.378],[8.774,48.416],[8.756,48.504],[8.769,48.522],[9.129,48.601],[9.151,48.604],[9.582,48.539],[9.585,48.537],[9.944,48.632]]]]}},{"type":"Feature","properties":{"id":"DE21","name":"Oberbayern"},"geometry":{"type":"MultiPolygon","coordinates":[[[[12.017,48.431],[12.251,48.322],[12.484,48.43],[12.607,48.354],[12.945,48.207],[12.751,48.104],[12.86,47.997],[12.876,47.963],[13.079,47.662],[13.046,47.521],[12.696,47.682],[12.575,47.632],[12.338,47.697],[12.061,47.619],[11.633,47.592],[11.41,47.495],[11.421,47.445],[11.017,47.396],[10.991,47.396],[10.886,47.537],[10.953,47.616],[10.767,47.844],[10.8,48.104],[10.903,48.237],[11.035,48.193],[11.117,48.268],[11.312,48.452],[11.295,48.475],[11.023,48.62],[11.006,48.822],[10.937,48.863],[11.201,49.047],[11.386,49.079],[11.599,48.951],[11.72,48.784],[11.707,48.617],[11.91,48.585],[12.017,48.431]]]]}},{"type":"Feature","properties":{"id":"DE22","name":"Niederbayern"},"geometry":{"type":"MultiPolygon","coordinates":[[[[13.84,48.772],[13.796,48.714],[13.727,48.513],[13.511,48.59],[13.455,48.56],[13.177,48.294],[12.945,48.207],[12.607,48.354],[12.484,48.43],[12.251,48.322],[12.017,48.431],[11.91,48.585],[11.707,48.617],[11.72,48.784],[11.599,48.951],[11.66,49.016],[12.097,48.772],[12.135,48.766],[12.407,48.883],[12.479,49.032],[12.768,49.115],[13.171,49.174],[13.417,48.98],[13.552,48.968],[13.84,48.772]]]]}},{"type":"Feature","properties":{"id":"DE23","name":"Oberpfalz"},"geometry":{"type":"MultiPolygon","coordinates":[[[[12.479,49.032],[12.407,48.883],[12.135,48.766],[12.097,48.772],[11.66,49.016],[11.599,48.951],[11.386,49.079],[11.247,49.325],[11.558,49.419],[11.563,49.686],[11.631,49.761],[11.855,49.847],[11.904,49.979],[12.261,50.058],[12.551,49.905],[12.402,49.758],[12.594,49.542],[12.634,49.476],[13.171,49.174],[12.768,49.115],[12.479,49.032]]]]}},{"type":"Feature","properties":{"id":"DE24","name":"Oberfranken"},"geometry":{"type":"MultiPolygon","coordinates":[[[[11.482,50.432],[11.603,50.399],[11.919,50.425],[12.101,50.318],[12.161,50.22],[12.261,50.058],[11.904,49.979],[11.855,49.847],[11.631,49.761],[11.563,49.686],[11.369,49.667],[11.28,49.604],[11.123,49.605],[10.927,49.768],[10.654,49.721],[10.551,49.756],[10.449,49.822],[10.505,49.877],[10.86,50.092],[10.729,50.23],[10.946,50.387],[11.19,50.271],[11.266,50.479],[11.482,50.432]]]]}},{"type":"Feature","properties":{"id":"DE25","name":"Mittelfranken"},"geometry":{"type":"MultiPolygon","coordinates":[[[[10.927,49.768],[11.123,49.605],[11.28,49.604],[11.369,49.667],[11.563,49.686],[11.558,49.419],[11.247,49.325],[11.386,49.079],[11.201,49.047],[10.937,48.863],[10.642,49.017],[10.41,48.977],[10.257,49.059],[10.112,49.385],[10.118,49.473],[10.084,49.544],[10.11,49.621],[10.551,49.756],[10.654,49.721],[10.927,49.768]]]]}},{"type":"Feature","properties":{"id":"DE26","name":"Unterfranken"},"geometry":{"type":"MultiPolygon","coordinates":[[[[10.451,50.402],[10.61,50.228],[10.729,50.23],[10.86,50.092],[10.505,49.877],[10.449,49.822],[10.551,49.756],[10.11,49.621],[10.084,49.544],[9.649,49.791],[9.471,49.78],[9.411,49.663],[9.103,49.577],[9.036,49.847],[9.05,49.866],[9.016,49.991],[8.991,50.067],[9.256,50.14],[9.405,50.088],[9.623,50.229],[9.733,50.356],[9.936,50.42],[10.041,50.516],[10.451,50.402]]]]}},{"type":"Feature","properties":{"id":"DE27","name":"Schwaben"},"geometry":{"type":"MultiPolygon","coordinates":[[[[11.295,48.475],[11.312,48.452],[11.117,48.268],[11.035,48.193],[10.903,48.237],[10.8,48.104],[10.767,47.844],[10.953,47.616],[10.886,47.537],[10.454,47.556],[10.406,47.375],[10.178,47.27],[10.0,47.483],[9.968,47.546],[9.559,47.542],[9.692,47.61],[10.077,47.639],[10.132,47.82],[10.11,47.937],[10.105,47.975],[10.115,47.976],[10.136,48.108],[10.095,48.164],[9.998,48.35],[10.033,48.457],[10.134,48.455],[10.231,48.511],[10.278,48.516],[10.487,48.697],[10.424,48.744],[10.41,48.977],[10.642,49.017],[10.937,48.863],[11.006,48.822],[11.023,48.62],[11.295,48.475]]]]}},{"type":"Feature","properties":{"id":"DE30","name":"Berlin"},"geometry":{"type":"MultiPolygon","coordinates":[[[[13.667,52.474],[13.7,52.378],[13.421,52.376],[13.312,52.399],[13.166,52.394],[13.116,52.43],[13.154,52.502],[13.164,52.599],[13.399,52.648],[13.611,52.544],[13.667,52.474]]]]}},{"type":"Feature","properties":{"id":"DE40","name":"Brandenburg"},"geometry":{"type":"MultiPolygon","coordinates":[[[[14.412,53.33],[14.144,52.961],[14.157,52.896],[14.436,52.68],[14.565,52.624],[14.534,52.395],[14.601,52.272],[14.755,52.07],[14.717,52.001],[14.73,51.582],[14.448,51.542],[14.163,51.541],[13.835,51.377],[13.691,51.374],[13.21,51.405],[13.051,51.648],[13.151,51.86],[12.77,51.979],[12.376,52.045],[12.277,52.104],[12.244,52.208],[12.317,52.454],[12.171,52.506],[12.249,52.792],[12.127,52.89],[11.598,53.036],[11.266,53.122],[12.325,53.321],[12.332,53.318],[12.985,53.165],[13.241,53.232],[13.71,53.479],[14.412,53.33]],[[13.116,52.43],[13.166,52.394],[13.312,52.399],[13.421,52.376],[13.7,52.378],[13.667,52.474],[13.611,52.544],[13.399,52.648],[13.164,52.599],[13.154,52.502],[13.116,52.43]]]]}},{"type":"Feature","properties":{"id":"DE50","name":"Bremen"},"geometry":{"type":"MultiPolygon","coordinates":[[[[8.984,53.126],[8.916,53.011],[8.711,53.045],[8.655,53.109],[8.485,53.227],[8.984,53.126]]],[[[8.596,53.491],[8.493,53.472],[8.553,53.516],[8.52,53.606],[8.63,53.596],[8.641,53.538],[8.596,53.491]]]]}},{"type":"Feature","properties":{"id":"DE60","name":"Hamburg"},"geometry":{"type":"MultiPolygon","coordinates":[[[[9.734,53.565],[9.945,53.653],[10.071,53.697],[10.237,53.496],[10.271,53.422],[9.769,53.505],[9.772,53.543],[9.734,53.565]]]]}},{"type":"Feature","properties":{"id":"DE71","name":"Darmstadt"},"geometry":{"type":"MultiPolygon","coordinates":[[[[9.042,50.498],[9.287,50.437],[9.479,50.441],[9.733,50.356],[9.623,50.229],[9.405,50.088],[9.256,50.14],[8.991,50.067],[9.016,49.991],[9.05,49.866],[9.036,49.847],[9.103,49.577],[9.084,49.526],[8.9,49.504],[8.581,49.52],[8.422,49.583],[8.415,49.595],[8.446,49.731],[8.448,49.734],[8.4,49.804],[8.343,49.941],[8.288,49.995],[8.271,50.011],[8.244,50.028],[8.19,50.035],[8.175,50.034],[7.915,49.99],[7.774,50.067],[8.122,50.277],[8.355,50.294],[8.467,50.415],[8.514,50.399],[8.578,50.415],[9.042,50.498]]]]}},{"type":"Feature","properties":{"id":"DE72","name":"Gie\u00dfen"},"geometry":{"type":"MultiPolygon","coordinates":[[[[9.611,50.735],[9.479,50.441],[9.287,50.437],[9.042,50.498],[8.578,50.415],[8.514,50.399],[8.467,50.415],[8.355,50.294],[8.122,50.277],[7.972,50.406],[8.152,50.599],[8.126,50.686],[8.355,50.862],[8.478,50.969],[8.975,50.938],[9.149,50.837],[9.441,50.796],[9.611,50.735]]]]}},{"type":"Feature","properties":{"id":"DE73","name":"Kassel"},"geometry":{"type":"MultiPolygon","coordinates":[[[[9.685,51.582],[9.732,51.295],[9.928,51.375],[10.207,51.191],[10.21,51.144],[10.022,50.993],[9.926,50.767],[10.056,50.668],[10.041,50.516],[9.936,50.42],[9.733,50.356],[9.479,50.441],[9.611,50.735],[9.441,50.796],[9.149,50.837],[8.975,50.938],[8.478,50.969],[8.549,51.102],[8.971,51.507],[9.155,51.443],[9.44,51.65],[9.685,51.582]]]]}},{"type":"Feature","properties":{"id":"DE80","name":"Mecklenburg-Vorpommern"},"geometry":{"type":"MultiPolygon","coordinates":[[[[13.312,54.189],[13.683,54.127],[13.896,53.822],[14.268,53.698],[14.412,53.33],[13.71,53.479],[13.241,53.232],[12.985,53.165],[12.332,53.318],[12.325,53.321],[11.266,53.122],[11.172,53.157],[10.996,53.306],[10.595,53.364],[10.952,53.648],[10.763,53.811],[10.904,53.957],[11.562,54.028],[11.998,54.175],[12.107,54.165],[12.201,54.245],[12.286,54.275],[13.362,54.5],[13.312,54.189]]]]}},{"type":"Feature","properties":{"id":"DE91","name":"Braunschweig"},"geometry":{"type":"MultiPolygon","coordinates":[[[[10.561,52.004],[10.701,51.642],[10.677,51.638],[10.489,51.575],[9.928,51.375],[9.732,51.295],[9.685,51.582],[9.44,51.65],[9.417,51.647],[9.895,51.906],[10.066,51.927],[10.204,52.007],[10.188,52.139],[10.234,52.17],[10.257,52.183],[10.034,52.284],[10.292,52.448],[10.274,52.511],[10.444,52.816],[10.759,52.796],[11.009,52.497],[10.935,52.472],[10.964,52.057],[10.801,52.048],[10.561,52.004]]]]}},{"type":"Feature","properties":{"id":"DE92","name":"Hannover"},"geometry":{"type":"MultiPolygon","coordinates":[[[[10.274,52.511],[10.292,52.448],[10.034,52.284],[10.257,52.183],[10.234,52.17],[10.188,52.139],[10.204,52.007],[10.066,51.927],[9.895,51.906],[9.417,51.647],[9.323,51.855],[9.309,51.923],[9.156,52.098],[8.986,52.195],[9.125,52.412],[8.703,52.5],[8.297,52.456],[8.308,52.499],[8.459,52.801],[8.647,52.875],[8.657,53.009],[8.711,53.045],[8.916,53.011],[9.116,52.897],[9.326,52.768],[9.535,52.66],[9.735,52.638],[10.274,52.511]]]]}},{"type":"Feature","properties":{"id":"DE93","name":"L\u00fcneburg"},"geometry":{"type":"MultiPolygon","coordinates":[[[[10.842,52.852],[10.759,52.796],[10.444,52.816],[10.274,52.511],[9.735,52.638],[9.535,52.66],[9.326,52.768],[9.116,52.897],[8.916,53.011],[8.984,53.126],[8.485,53.227],[8.5,53.367],[8.493,53.472],[8.596,53.491],[8.641,53.538],[8.63,53.596],[8.52,53.606],[8.655,53.852],[9.03,53.826],[9.772,53.543],[9.769,53.505],[10.271,53.422],[10.469,53.386],[10.595,53.364],[10.996,53.306],[11.172,53.157],[11.266,53.122],[11.598,53.036],[11.505,52.941],[10.842,52.852]]]]}},{"type":"Feature","properties":{"id":"DE94","name":"Weser-Ems"},"geometry":{"type":"MultiPolygon","coordinates":[[[[8.062,53.506],[8.196,53.409],[8.553,53.516],[8.493,53.472],[8.5,53.367],[8.485,53.227],[8.655,53.109],[8.711,53.045],[8.657,53.009],[8.647,52.875],[8.459,52.801],[8.308,52.499],[8.297,52.456],[8.466,52.268],[8.411,52.115],[8.096,52.057],[7.885,52.083],[7.945,52.279],[7.932,52.287],[7.931,52.293],[7.933,52.302],[7.948,52.305],[7.956,52.305],[7.619,52.471],[7.317,52.28],[7.099,52.243],[7.066,52.241],[6.698,52.486],[6.71,52.628],[7.006,52.639],[7.093,52.838],[7.203,53.113],[7.209,53.243],[7.302,53.324],[7.272,53.325],[7.239,53.332],[7.223,53.333],[7.216,53.333],[7.216,53.333],[7.216,53.333],[7.216,53.333],[7.216,53.333],[7.216,53.333],[7.216,53.333],[7.216,53.333],[7.216,53.333],[7.216,53.333],[7.216,53.333],[7.216,53.333],[7.2,53.336],[7.186,53.344],[7.176,53.354],[7.486,53.681],[7.665,53.763],[7.81,53.708],[8.091,53.638],[8.062,53.506]]],[[[7.055,53.602],[6.888,53.413],[6.631,53.604],[6.93,53.756],[7.055,53.602]]]]}},{"type":"Feature","properties":{"id":"DEA1","name":"D\u00fcsseldorf"},"geometry":{"type":"MultiPolygon","coordinates":[[[[6.833,51.58],[6.928,51.498],[6.999,51.534],[7.01,51.533],[7.104,51.481],[7.136,51.426],[7.118,51.38],[7.167,51.313],[7.307,51.239],[7.296,51.205],[7.268,51.146],[7.166,51.154],[6.998,51.118],[6.991,51.092],[6.989,51.075],[6.974,51.069],[6.958,51.072],[6.941,51.072],[6.926,51.082],[6.919,51.08],[6.898,51.065],[6.853,51.084],[6.774,51.064],[6.48,51.034],[6.459,51.043],[6.444,51.09],[6.37,51.101],[6.291,51.176],[6.175,51.185],[6.073,51.243],[6.224,51.365],[5.953,51.748],[6.168,51.901],[6.408,51.828],[6.49,51.811],[6.911,51.746],[6.902,51.636],[6.833,51.58]]]]}},{"type":"Feature","properties":{"id":"DEA2","name":"K\u00f6ln"},"geometry":{"type":"MultiPolygon","coordinates":[[[[7.433,51.214],[7.601,51.092],[7.715,51.073],[7.786,50.94],[7.661,50.82],[7.439,50.711],[7.212,50.623],[6.928,50.559],[6.801,50.362],[6.425,50.323],[6.405,50.323],[6.316,50.497],[6.192,50.521],[6.182,50.567],[6.152,50.678],[6.021,50.754],[6.087,50.913],[5.877,51.032],[6.175,51.185],[6.291,51.176],[6.37,51.101],[6.444,51.09],[6.459,51.043],[6.48,51.034],[6.774,51.064],[6.853,51.084],[6.898,51.065],[6.919,51.08],[6.926,51.082],[6.941,51.072],[6.958,51.072],[6.974,51.069],[6.989,51.075],[6.991,51.092],[6.998,51.118],[7.166,51.154],[7.268,51.146],[7.296,51.205],[7.307,51.239],[7.433,51.214]]]]}},{"type":"Feature","properties":{"id":"DEA3","name":"M\u00fcnster"},"geometry":{"type":"MultiPolygon","coordinates":[[[[7.619,52.471],[7.956,52.305],[7.948,52.305],[7.933,52.302],[7.931,52.293],[7.932,52.287],[7.945,52.279],[7.885,52.083],[8.096,52.057],[8.32,51.726],[7.945,51.701],[7.736,51.737],[7.702,51.712],[7.41,51.665],[7.418,51.6],[7.315,51.522],[7.294,51.532],[7.235,51.567],[7.145,51.552],[7.139,51.506],[7.104,51.481],[7.01,51.533],[6.999,51.534],[6.928,51.498],[6.833,51.58],[6.902,51.636],[6.911,51.746],[6.49,51.811],[6.408,51.828],[6.76,52.119],[7.066,52.241],[7.099,52.243],[7.317,52.28],[7.619,52.471]]]]}},{"type":"Feature","properties":{"id":"DEA4","name":"Detmold"},"geometry":{"type":"MultiPolygon","coordinates":[[[[9.323,51.855],[9.417,51.647],[9.44,51.65],[9.155,51.443],[8.971,51.507],[8.905,51.531],[8.548,51.468],[8.403,51.719],[8.32,51.726],[8.096,52.057],[8.411,52.115],[8.466,52.268],[8.297,52.456],[8.703,52.5],[9.125,52.412],[8.986,52.195],[9.156,52.098],[9.309,51.923],[9.323,51.855]]]]}},{"type":"Feature","properties":{"id":"DEA5","name":"Arnsberg"},"geometry":{"type":"MultiPolygon","coordinates":[[[[7.736,51.737],[7.945,51.701],[8.32,51.726],[8.403,51.719],[8.548,51.468],[8.905,51.531],[8.971,51.507],[8.549,51.102],[8.478,50.969],[8.355,50.862],[8.126,50.686],[8.04,50.697],[7.851,50.926],[7.786,50.94],[7.715,51.073],[7.601,51.092],[7.433,51.214],[7.307,51.239],[7.167,51.313],[7.118,51.38],[7.136,51.426],[7.104,51.481],[7.139,51.506],[7.145,51.552],[7.235,51.567],[7.294,51.532],[7.315,51.522],[7.418,51.6],[7.41,51.665],[7.702,51.712],[7.736,51.737]]]]}},{"type":"Feature","properties":{"id":"DEB1","name":"Koblenz"},"geometry":{"type":"MultiPolygon","coordinates":[[[[8.122,50.277],[7.774,50.067],[7.765,50.083],[7.735,49.999],[7.964,49.833],[7.905,49.752],[7.703,49.653],[7.523,49.708],[7.277,49.549],[7.028,49.639],[7.044,49.689],[7.223,49.885],[7.203,49.966],[6.979,50.098],[7.069,50.28],[6.984,50.349],[6.801,50.362],[6.928,50.559],[7.212,50.623],[7.439,50.711],[7.661,50.82],[7.786,50.94],[7.851,50.926],[8.04,50.697],[8.126,50.686],[8.152,50.599],[7.972,50.406],[8.122,50.277]]]]}},{"type":"Feature","properties":{"id":"DEB2","name":"Trier"},"geometry":{"type":"MultiPolygon","coordinates":[[[[6.984,50.349],[7.069,50.28],[6.979,50.098],[7.203,49.966],[7.223,49.885],[7.044,49.689],[7.028,49.639],[6.891,49.613],[6.38,49.551],[6.475,49.821],[6.136,50.015],[6.138,50.13],[6.405,50.323],[6.425,50.323],[6.801,50.362],[6.984,50.349]]]]}},{"type":"Feature","properties":{"id":"DEB3","name":"Rheinhessen-Pfalz"},"geometry":{"type":"MultiPolygon","coordinates":[[[[7.774,50.067],[7.915,49.99],[8.175,50.034],[8.19,50.035],[8.244,50.028],[8.271,50.011],[8.288,49.995],[8.343,49.941],[8.4,49.804],[8.448,49.734],[8.446,49.731],[8.415,49.595],[8.422,49.583],[8.423,49.574],[8.423,49.542],[8.473,49.444],[8.497,49.411],[8.463,49.312],[8.484,49.305],[8.489,49.298],[8.487,49.29],[8.467,49.283],[8.413,49.25],[8.34,49.08],[8.331,49.074],[8.328,49.072],[8.324,49.068],[8.321,49.065],[8.318,49.063],[8.316,49.06],[8.314,49.058],[8.312,49.054],[8.309,49.05],[8.306,49.045],[8.304,49.041],[8.303,49.035],[8.302,49.031],[8.301,49.027],[8.301,49.024],[8.3,49.022],[8.3,49.02],[8.299,49.017],[8.297,49.014],[8.296,49.011],[8.293,49.006],[8.292,49.004],[8.288,48.998],[8.286,48.997],[8.284,48.995],[8.282,48.993],[8.28,48.992],[8.277,48.99],[8.261,48.981],[8.233,48.967],[8.068,48.999],[7.911,49.045],[7.636,49.054],[7.369,49.161],[7.32,49.189],[7.318,49.247],[7.394,49.316],[7.402,49.368],[7.396,49.372],[7.293,49.408],[7.253,49.431],[7.277,49.549],[7.523,49.708],[7.703,49.653],[7.905,49.752],[7.964,49.833],[7.735,49.999],[7.765,50.083],[7.774,50.067]]]]}},{"type":"Feature","properties":{"id":"DEC0","name":"Saarland"},"geometry":{"type":"MultiPolygon","coordinates":[[[[7.369,49.161],[7.26,49.13],[7.101,49.156],[6.723,49.219],[6.557,49.419],[6.367,49.47],[6.38,49.551],[6.891,49.613],[7.028,49.639],[7.277,49.549],[7.253,49.431],[7.293,49.408],[7.396,49.372],[7.402,49.368],[7.394,49.316],[7.318,49.247],[7.32,49.189],[7.369,49.161]]]]}},{"type":"Feature","properties":{"id":"DED2","name":"Dresden"},"geometry":{"type":"MultiPolygon","coordinates":[[[[14.73,51.582],[14.974,51.364],[14.823,50.871],[14.619,50.858],[14.491,51.044],[14.318,51.055],[14.173,50.862],[13.652,50.73],[13.422,51.034],[13.199,51.23],[13.21,51.405],[13.691,51.374],[13.835,51.377],[14.163,51.541],[14.448,51.542],[14.73,51.582]]]]}},{"type":"Feature","properties":{"id":"DED4","name":"Chemnitz"},"geometry":{"type":"MultiPolygon","coordinates":[[[[13.502,50.634],[12.948,50.404],[12.584,50.407],[12.101,50.318],[11.919,50.425],[11.944,50.591],[12.319,50.677],[12.25,50.819],[12.653,50.924],[12.617,50.981],[12.926,51.218],[13.199,51.23],[13.422,51.034],[13.652,50.73],[13.502,50.634]]]]}},{"type":"Feature","properties":{"id":"DED5","name":"Leipzig"},"geometry":{"type":"MultiPolygon","coordinates":[[[[12.926,51.218],[12.617,50.981],[12.284,51.092],[12.171,51.276],[12.194,51.333],[12.199,51.531],[12.58,51.626],[13.051,51.648],[13.21,51.405],[13.199,51.23],[12.926,51.218]]]]}},{"type":"Feature","properties":{"id":"DEE0","name":"Sachsen-Anhalt"},"geometry":{"type":"MultiPolygon","coordinates":[[[[12.284,51.092],[12.224,50.943],[12.164,50.959],[12.021,50.969],[11.697,51.087],[11.485,51.105],[11.385,51.246],[11.473,51.296],[11.429,51.34],[10.978,51.427],[10.916,51.616],[10.701,51.642],[10.561,52.004],[10.801,52.048],[10.964,52.057],[10.935,52.472],[11.009,52.497],[10.759,52.796],[10.842,52.852],[11.505,52.941],[11.598,53.036],[12.127,52.89],[12.249,52.792],[12.171,52.506],[12.317,52.454],[12.244,52.208],[12.277,52.104],[12.376,52.045],[12.77,51.979],[13.151,51.86],[13.051,51.648],[12.58,51.626],[12.199,51.531],[12.194,51.333],[12.171,51.276],[12.284,51.092]]]]}},{"type":"Feature","properties":{"id":"DEF0","name":"Schleswig-Holstein"},"geometry":{"type":"MultiPolygon","coordinates":[[[[9.113,54.874],[9.403,54.807],[9.423,54.823],[9.504,54.807],[9.726,54.807],[9.885,54.679],[9.675,54.496],[9.957,54.588],[10.169,54.433],[10.174,54.346],[10.714,54.305],[11.002,54.324],[10.841,53.992],[10.904,53.957],[10.763,53.811],[10.952,53.648],[10.595,53.364],[10.469,53.386],[10.271,53.422],[10.237,53.496],[10.071,53.697],[9.945,53.653],[9.734,53.565],[9.518,53.714],[9.349,53.846],[9.198,53.889],[8.901,53.979],[8.845,54.266],[8.57,54.53],[8.636,54.912],[9.113,54.874]]]]}},{"type":"Feature","properties":{"id":"DEG0","name":"Th\u00fcringen"},"geometry":{"type":"MultiPolygon","coordinates":[[[[12.164,50.959],[12.224,50.943],[12.284,51.092],[12.617,50.981],[12.653,50.924],[12.25,50.819],[12.319,50.677],[11.944,50.591],[11.919,50.425],[11.603,50.399],[11.482,50.432],[11.266,50.479],[11.19,50.271],[10.946,50.387],[10.729,50.23],[10.61,50.228],[10.451,50.402],[10.041,50.516],[10.056,50.668],[9.926,50.767],[10.022,50.993],[10.21,51.144],[10.207,51.191],[9.928,51.375],[10.489,51.575],[10.677,51.638],[10.701,51.642],[10.916,51.616],[10.978,51.427],[11.429,51.34],[11.473,51.296],[11.385,51.246],[11.485,51.105],[11.697,51.087],[12.021,50.969],[12.164,50.959]]]]}},{"type":"Feature","properties":{"id":"DK01","name":"Hovedstaden"},"geometry":{"type":"MultiPolygon","coordinates":[[[[12.583,55.808],[12.584,55.722],[12.668,55.698],[12.672,55.611],[12.565,55.584],[12.505,55.637],[12.363,55.594],[12.248,55.71],[12.105,55.734],[11.981,55.73],[11.867,55.737],[11.934,55.97],[12.296,56.066],[12.51,56.02],[12.583,55.808]]],[[[15.162,55.101],[15.041,54.985],[14.639,55.094],[14.803,55.3],[15.162,55.101]]]]}},{"type":"Feature","properties":{"id":"AL01","name":"Veri"},"geometry":{"type":"MultiPolygon","coordinates":[[[[20.076,42.556],[20.364,42.307],[20.48,42.251],[20.543,42.161],[20.594,41.877],[20.563,41.846],[20.574,41.798],[20.558,41.582],[20.56,41.408],[20.502,41.317],[20.236,41.348],[19.908,41.512],[19.518,41.269],[19.45,41.396],[19.557,41.578],[19.52,41.84],[19.387,41.85],[19.387,42.082],[19.317,42.192],[19.387,42.306],[19.651,42.523],[19.831,42.466],[20.076,42.556]]]]}},{"type":"Feature","properties":{"id":"AL02","name":"Qender"},"geometry":{"type":"MultiPolygon","coordinates":[[[[20.598,41.092],[20.297,40.727],[19.86,40.851],[19.677,41.055],[19.442,41.001],[19.518,41.269],[19.908,41.512],[20.236,41.348],[20.502,41.317],[20.522,41.246],[20.517,41.238],[20.598,41.092]]]]}},{"type":"Feature","properties":{"id":"AL03","name":"Jug"},"geometry":{"type":"MultiPolygon","coordinates":[[[[20.598,41.092],[20.633,41.087],[20.671,41.087],[20.704,40.991],[20.722,40.94],[20.732,40.912],[20.838,40.928],[20.978,40.89],[20.98,40.856],[21.056,40.617],[20.796,40.434],[20.778,40.349],[20.613,40.08],[20.38,39.976],[20.391,39.788],[20.302,39.813],[20.009,39.691],[19.984,39.701],[19.883,39.979],[19.425,40.298],[19.387,40.656],[19.442,41.001],[19.677,41.055],[19.86,40.851],[20.297,40.727],[20.598,41.092]]]]}},{"type":"Feature","properties":{"id":"AT11","name":"Burgenland"},"geometry":{"type":"MultiPolygon","coordinates":[[[[16.058,46.839],[15.996,46.835],[16.171,47.421],[16.28,47.455],[16.373,47.642],[16.391,47.882],[17.067,48.119],[17.161,48.007],[17.008,47.721],[16.422,47.665],[16.657,47.594],[16.646,47.447],[16.434,47.353],[16.456,47.042],[16.114,46.869],[16.058,46.839]]]]}},{"type":"Feature","properties":{"id":"AT12","name":"Nieder\u00f6sterreich"},"geometry":{"type":"MultiPolygon","coordinates":[[[[16.851,48.439],[16.976,48.172],[17.067,48.119],[16.391,47.882],[16.373,47.642],[16.28,47.455],[16.171,47.421],[15.848,47.568],[15.218,47.794],[15.088,47.741],[14.739,47.747],[14.482,48.106],[14.521,48.237],[14.781,48.202],[14.96,48.376],[14.691,48.584],[15.039,48.966],[15.542,48.908],[15.754,48.852],[16.94,48.617],[16.95,48.536],[16.851,48.439]],[[16.235,48.261],[16.184,48.172],[16.578,48.143],[16.424,48.305],[16.235,48.261]]]]}},{"type":"Feature","properties":{"id":"AT13","name":"Wien"},"geometry":{"type":"MultiPolygon","coordinates":[[[[16.184,48.172],[16.235,48.261],[16.424,48.305],[16.578,48.143],[16.184,48.172]]]]}},{"type":"Feature","properties":{"id":"AT21","name":"K\u00e4rnten"},"geometry":{"type":"MultiPolygon","coordinates":[[[[12.656,47.1],[13.156,47.036],[13.355,47.097],[13.785,46.944],[13.947,46.942],[14.842,47.049],[15.065,46.652],[14.922,46.608],[14.884,46.612],[14.828,46.548],[14.819,46.509],[14.675,46.451],[14.565,46.372],[14.442,46.424],[14.435,46.443],[14.237,46.432],[14.153,46.437],[14.007,46.481],[13.714,46.523],[13.504,46.566],[13.156,46.588],[12.731,46.634],[12.691,46.657],[12.825,46.821],[12.656,47.1]]]]}},{"type":"Feature","properties":{"id":"AT22","name":"Steiermark"},"geometry":{"type":"MultiPolygon","coordinates":[[[[15.218,47.794],[15.848,47.568],[16.171,47.421],[15.996,46.835],[15.989,46.775],[16.04,46.691],[16.038,46.656],[16.033,46.658],[15.96,46.687],[15.786,46.707],[15.752,46.698],[15.623,46.68],[15.542,46.63],[15.52,46.622],[15.402,46.654],[15.336,46.653],[15.16,46.657],[15.082,46.645],[15.065,46.652],[14.842,47.049],[13.947,46.942],[13.785,46.944],[13.864,47.252],[13.607,47.283],[13.586,47.474],[14.011,47.701],[14.739,47.747],[15.088,47.741],[15.218,47.794]]]]}},{"type":"Feature","properties":{"id":"AT31","name":"Ober\u00f6sterreich"},"geometry":{"type":"MultiPolygon","coordinates":[[[[14.691,48.584],[14.96,48.376],[14.781,48.202],[14.521,48.237],[14.482,48.106],[14.739,47.747],[14.011,47.701],[13.586,47.474],[13.516,47.497],[13.304,48.008],[13.156,47.973],[12.86,47.997],[12.751,48.104],[12.945,48.207],[13.177,48.294],[13.455,48.56],[13.511,48.59],[13.727,48.513],[13.796,48.714],[13.84,48.772],[14.176,48.585],[14.691,48.584]]]]}},{"type":"Feature","properties":{"id":"AT32","name":"Salzburg"},"geometry":{"type":"MultiPolygon","coordinates":[[[[13.304,48.008],[13.516,47.497],[13.586,47.474],[13.607,47.283],[13.864,47.252],[13.785,46.944],[13.355,47.097],[13.156,47.036],[12.656,47.1],[12.241,47.069],[12.136,47.081],[12.153,47.253],[12.607,47.432],[12.575,47.632],[12.696,47.682],[13.046,47.521],[13.079,47.662],[12.876,47.963],[12.86,47.997],[13.156,47.973],[13.304,48.008]]]]}},{"type":"Feature","properties":{"id":"AT33","name":"Tirol"},"geometry":{"type":"MultiPolygon","coordinates":[[[[12.607,47.432],[12.153,47.253],[12.136,47.081],[11.627,47.013],[11.164,46.966],[10.973,46.806],[10.47,46.855],[10.145,46.851],[10.213,47.157],[10.178,47.27],[10.406,47.375],[10.454,47.556],[10.886,47.537],[10.991,47.396],[11.017,47.396],[11.421,47.445],[11.41,47.495],[11.633,47.592],[12.061,47.619],[12.338,47.697],[12.575,47.632],[12.607,47.432]]],[[[12.825,46.821],[12.691,46.657],[12.478,46.68],[12.212,46.897],[12.241,47.069],[12.656,47.1],[12.825,46.821]]]]}},{"type":"Feature","properties":{"id":"AT34","name":"Vorarlberg"},"geometry":{"type":"MultiPolygon","coordinates":[[[[10.213,47.157],[10.145,46.851],[9.603,47.062],[9.591,47.09],[9.609,47.111],[9.615,47.112],[9.618,47.11],[9.621,47.111],[9.625,47.118],[9.621,47.152],[9.585,47.156],[9.573,47.163],[9.565,47.165],[9.567,47.173],[9.558,47.231],[9.556,47.253],[9.531,47.271],[9.559,47.542],[9.968,47.546],[10.0,47.483],[10.178,47.27],[10.213,47.157]]]]}},{"type":"Feature","properties":{"id":"BE10","name":"R\u00e9gion de Bruxelles-Capitale/ Brussels Hoofdstedelijk Gewest"},"geometry":{"type":"MultiPolygon","coordinates":[[[[4.276,50.793],[4.356,50.904],[4.508,50.806],[4.387,50.749],[4.276,50.793]]]]}},{"type":"Feature","properties":{"id":"BE21","name":"Prov. Antwerpen"},"geometry":{"type":"MultiPolygon","coordinates":[[[[5.261,51.147],[4.982,51.035],[4.789,51.039],[4.529,50.992],[4.241,51.037],[4.176,51.101],[4.308,51.125],[4.242,51.354],[4.244,51.375],[4.28,51.376],[4.67,51.426],[4.76,51.502],[5.102,51.429],[5.238,51.262],[5.261,51.147]]]]}},{"type":"Feature","properties":{"id":"BE22","name":"Prov. Limburg (BE)"},"geometry":{"type":"MultiPolygon","coordinates":[[[[5.688,50.812],[5.432,50.72],[5.237,50.727],[5.103,50.709],[5.119,50.82],[4.982,51.035],[5.261,51.147],[5.238,51.262],[5.566,51.221],[5.798,51.06],[5.766,51.009],[5.688,50.812]]]]}},{"type":"Feature","properties":{"id":"BE23","name":"Prov. Oost-Vlaanderen"},"geometry":{"type":"MultiPolygon","coordinates":[[[[4.242,51.354],[4.308,51.125],[4.176,51.101],[4.241,51.037],[4.147,50.969],[4.066,50.8],[3.896,50.733],[3.815,50.751],[3.541,50.734],[3.46,50.766],[3.467,50.902],[3.42,50.911],[3.331,51.099],[3.411,51.16],[3.381,51.274],[3.646,51.29],[3.856,51.211],[3.978,51.225],[4.235,51.348],[4.242,51.354]]]]}},{"type":"Feature","properties":{"id":"BE24","name":"Prov. Vlaams-Brabant"},"geometry":{"type":"MultiPolygon","coordinates":[[[[4.982,51.035],[5.119,50.82],[5.103,50.709],[5.02,50.751],[4.571,50.8],[4.472,50.745],[4.1,50.706],[3.896,50.733],[4.066,50.8],[4.147,50.969],[4.241,51.037],[4.529,50.992],[4.789,51.039],[4.982,51.035]],[[4.276,50.793],[4.387,50.749],[4.508,50.806],[4.356,50.904],[4.276,50.793]]]]}},{"type":"Feature","properties":{"id":"BE25","name":"Prov. West-Vlaanderen"},"geometry":{"type":"MultiPolygon","coordinates":[[[[3.467,50.902],[3.46,50.766],[3.177,50.756],[3.082,50.8],[2.97,50.77],[2.854,50.768],[2.607,50.913],[2.546,51.089],[2.749,51.162],[2.97,51.254],[3.111,51.312],[3.366,51.37],[3.381,51.274],[3.411,51.16],[3.331,51.099],[3.42,50.911],[3.467,50.902]]]]}},{"type":"Feature","properties":{"id":"BE31","name":"Prov. Brabant wallon"},"geometry":{"type":"MultiPolygon","coordinates":[[[[4.1,50.706],[4.472,50.745],[4.571,50.8],[5.02,50.751],[4.983,50.642],[4.578,50.542],[4.325,50.549],[4.092,50.669],[4.1,50.706]]]]}},{"type":"Feature","properties":{"id":"BE32","name":"Prov. Hainaut"},"geometry":{"type":"MultiPolygon","coordinates":[[[[3.46,50.766],[3.541,50.734],[3.815,50.751],[3.896,50.733],[4.1,50.706],[4.092,50.669],[4.325,50.549],[4.578,50.542],[4.589,50.321],[4.475,50.328],[4.399,50.224],[4.432,49.942],[4.233,49.958],[4.141,49.979],[4.042,50.34],[4.028,50.358],[3.741,50.358],[3.656,50.462],[3.615,50.49],[3.31,50.552],[3.177,50.756],[3.46,50.766]]]]}},{"type":"Feature","properties":{"id":"BE33","name":"Prov. Li\u00e8ge"},"geometry":{"type":"MultiPolygon","coordinates":[[[[5.688,50.812],[5.819,50.715],[6.021,50.754],[6.152,50.678],[6.182,50.567],[6.192,50.521],[6.316,50.497],[6.405,50.323],[6.138,50.13],[6.025,50.183],[5.98,50.33],[5.722,50.262],[5.676,50.369],[5.393,50.379],[5.221,50.417],[5.028,50.589],[4.983,50.642],[5.02,50.751],[5.103,50.709],[5.237,50.727],[5.432,50.72],[5.688,50.812]]]]}},{"type":"Feature","properties":{"id":"BE34","name":"Prov. Luxembourg (BE)"},"geometry":{"type":"MultiPolygon","coordinates":[[[[5.676,50.369],[5.722,50.262],[5.98,50.33],[6.025,50.183],[5.746,49.854],[5.818,49.546],[5.735,49.546],[5.471,49.497],[5.394,49.617],[5.154,49.718],[4.969,49.802],[5.263,50.108],[5.393,50.379],[5.676,50.369]]]]}},{"type":"Feature","properties":{"id":"BE35","name":"Prov. Namur"},"geometry":{"type":"MultiPolygon","coordinates":[[[[5.393,50.379],[5.263,50.108],[4.969,49.802],[4.793,50.147],[4.432,49.942],[4.399,50.224],[4.475,50.328],[4.589,50.321],[4.578,50.542],[4.983,50.642],[5.028,50.589],[5.221,50.417],[5.393,50.379]]]]}},{"type":"Feature","properties":{"id":"BG31","name":"Severozapaden"},"geometry":{"type":"MultiPolygon","coordinates":[[[[24.112,43.7],[24.324,43.698],[24.494,43.761],[24.655,43.724],[25.296,43.655],[25.14,43.267],[25.077,43.178],[24.93,42.995],[25.015,42.748],[25.007,42.738],[24.494,42.793],[24.386,42.75],[23.971,43.062],[23.413,43.161],[23.006,43.193],[22.747,43.387],[22.667,43.403],[22.407,43.752],[22.536,44.046],[22.675,44.216],[22.966,44.098],[22.997,43.808],[23.63,43.791],[24.112,43.7]]]]}},{"type":"Feature","properties":{"id":"BG32","name":"Severen tsentralen"},"geometry":{"type":"MultiPolygon","coordinates":[[[[27.695,43.987],[27.22,43.665],[27.002,43.697],[26.73,43.41],[26.189,43.517],[26.005,43.319],[26.167,42.952],[25.837,42.777],[25.615,42.787],[25.015,42.748],[24.93,42.995],[25.077,43.178],[25.14,43.267],[25.296,43.655],[25.545,43.643],[25.672,43.688],[26.083,43.948],[26.358,44.037],[26.382,44.039],[27.271,44.126],[27.695,43.987]]]]}},{"type":"Feature","properties":{"id":"BG33","name":"Severoiztochen"},"geometry":{"type":"MultiPolygon","coordinates":[[[[28.579,43.739],[28.493,43.427],[28.06,43.316],[27.883,42.838],[27.34,42.933],[27.225,42.98],[27.094,42.954],[26.59,42.92],[26.578,42.986],[26.167,42.952],[26.005,43.319],[26.189,43.517],[26.73,43.41],[27.002,43.697],[27.22,43.665],[27.695,43.987],[27.952,43.948],[28.154,43.79],[28.579,43.739]]]]}},{"type":"Feature","properties":{"id":"BG34","name":"Yugoiztochen"},"geometry":{"type":"MultiPolygon","coordinates":[[[[26.578,42.986],[26.59,42.92],[27.094,42.954],[27.225,42.98],[27.34,42.933],[27.883,42.838],[27.634,42.618],[27.628,42.494],[27.743,42.317],[28.036,41.983],[27.902,41.96],[27.814,41.945],[27.213,42.059],[27.06,42.088],[26.949,42.0],[26.851,41.981],[26.674,41.958],[26.657,41.945],[26.562,41.926],[26.484,42.128],[26.193,42.208],[26.09,42.083],[25.348,42.114],[25.204,42.317],[25.007,42.738],[25.015,42.748],[25.615,42.787],[25.837,42.777],[26.167,42.952],[26.578,42.986]]]]}},{"type":"Feature","properties":{"id":"BG41","name":"Yugozapaden"},"geometry":{"type":"MultiPolygon","coordinates":[[[[24.386,42.75],[24.421,42.553],[24.141,42.561],[23.894,42.317],[23.772,42.181],[23.829,41.847],[24.075,41.673],[24.06,41.522],[23.624,41.376],[22.928,41.339],[22.968,41.52],[23.013,41.692],[23.002,41.759],[22.902,41.878],[22.867,42.022],[22.661,42.073],[22.51,42.155],[22.36,42.311],[22.461,42.648],[22.443,42.825],[22.516,42.869],[22.748,42.89],[23.006,43.193],[23.413,43.161],[23.971,43.062],[24.386,42.75]]]]}},{"type":"Feature","properties":{"id":"BG42","name":"Yuzhen tsentralen"},"geometry":{"type":"MultiPolygon","coordinates":[[[[25.007,42.738],[25.204,42.317],[25.348,42.114],[26.09,42.083],[26.193,42.208],[26.484,42.128],[26.562,41.926],[26.358,41.711],[25.949,41.32],[25.906,41.308],[25.225,41.265],[25.179,41.31],[25.073,41.347],[24.784,41.36],[24.483,41.545],[24.06,41.522],[24.075,41.673],[23.829,41.847],[23.772,42.181],[23.894,42.317],[24.141,42.561],[24.421,42.553],[24.386,42.75],[24.494,42.793],[25.007,42.738]]]]}},{"type":"Feature","properties":{"id":"CH01","name":"R\u00e9gion l\u00e9manique"},"geometry":{"type":"MultiPolygon","coordinates":[[[[6.78,46.853],[6.945,46.513],[7.237,46.554],[7.221,46.329],[7.619,46.438],[8.41,46.653],[8.478,46.528],[8.385,46.452],[7.877,45.927],[7.864,45.917],[7.619,45.972],[7.045,45.922],[6.821,46.427],[6.241,46.344],[6.217,46.217],[5.956,46.132],[6.126,46.317],[6.064,46.416],[6.138,46.558],[6.46,46.852],[6.78,46.853]]],[[[7.084,46.897],[7.083,46.896],[6.866,46.909],[7.04,46.98],[7.051,46.977],[7.051,46.977],[7.051,46.977],[7.051,46.977],[7.051,46.977],[7.051,46.977],[7.051,46.977],[7.051,46.977],[7.051,46.977],[7.051,46.977],[7.054,46.976],[7.067,46.97],[7.08,46.959],[7.089,46.943],[7.092,46.925],[7.09,46.908],[7.089,46.908],[7.085,46.9],[7.085,46.9],[7.085,46.9],[7.085,46.9],[7.084,46.897],[7.084,46.897],[7.084,46.897],[7.084,46.897],[7.084,46.897],[7.084,46.897],[7.084,46.897],[7.084,46.897]]]]}},{"type":"Feature","properties":{"id":"CH02","name":"Espace Mittelland"},"geometry":{"type":"MultiPolygon","coordinates":[[[[7.13,47.503],[7.381,47.432],[7.619,47.488],[7.957,47.455],[7.825,47.266],[7.839,47.234],[8.049,46.788],[8.449,46.765],[8.41,46.653],[7.619,46.438],[7.221,46.329],[7.237,46.554],[6.945,46.513],[6.78,46.853],[6.46,46.852],[6.859,47.165],[6.939,47.434],[7.13,47.503]],[[6.866,46.909],[7.083,46.896],[7.084,46.897],[7.084,46.897],[7.084,46.897],[7.084,46.897],[7.084,46.897],[7.084,46.897],[7.084,46.897],[7.084,46.897],[7.085,46.9],[7.085,46.9],[7.085,46.9],[7.085,46.9],[7.089,46.908],[7.09,46.908],[7.092,46.925],[7.089,46.943],[7.08,46.959],[7.067,46.97],[7.054,46.976],[7.051,46.977],[7.051,46.977],[7.051,46.977],[7.051,46.977],[7.051,46.977],[7.051,46.977],[7.051,46.977],[7.051,46.977],[7.051,46.977],[7.051,46.977],[7.04,46.98],[6.866,46.909]]]]}},{"type":"Feature","properties":{"id":"CH03","name":"Nordwestschweiz"},"geometry":{"type":"MultiPolygon","coordinates":[[[[7.619,47.558],[7.714,47.539],[7.894,47.586],[8.426,47.568],[8.411,47.248],[8.412,47.141],[7.839,47.234],[7.825,47.266],[7.957,47.455],[7.619,47.488],[7.619,47.539],[7.589,47.59],[7.619,47.579],[7.619,47.558]]]]}},{"type":"Feature","properties":{"id":"CH04","name":"Z\u00fcrich"},"geometry":{"type":"MultiPolygon","coordinates":[[[[8.808,47.221],[8.692,47.164],[8.411,47.248],[8.426,47.568],[8.514,47.628],[8.663,47.686],[8.67,47.685],[8.944,47.376],[8.808,47.221]]]]}},{"type":"Feature","properties":{"id":"CH05","name":"Ostschweiz"},"geometry":{"type":"MultiPolygon","coordinates":[[[[9.603,47.062],[10.145,46.851],[10.47,46.855],[10.453,46.531],[10.171,46.584],[10.008,46.333],[9.369,46.477],[9.249,46.234],[9.159,46.17],[9.003,46.551],[8.679,46.579],[8.877,46.813],[8.935,46.92],[9.005,47.173],[8.808,47.221],[8.944,47.376],[8.67,47.685],[9.182,47.656],[9.507,47.55],[9.559,47.542],[9.531,47.271],[9.51,47.232],[9.496,47.207],[9.488,47.19],[9.515,47.122],[9.512,47.085],[9.603,47.062]]],[[[8.663,47.686],[8.514,47.628],[8.51,47.776],[8.614,47.801],[8.663,47.686]]]]}},{"type":"Feature","properties":{"id":"CH06","name":"Zentralschweiz"},"geometry":{"type":"MultiPolygon","coordinates":[[[[8.411,47.248],[8.692,47.164],[8.808,47.221],[9.005,47.173],[8.935,46.92],[8.877,46.813],[8.679,46.579],[8.478,46.528],[8.41,46.653],[8.449,46.765],[8.049,46.788],[7.839,47.234],[8.412,47.141],[8.411,47.248]]]]}},{"type":"Feature","properties":{"id":"CH07","name":"Ticino"},"geometry":{"type":"MultiPolygon","coordinates":[[[[8.478,46.528],[8.679,46.579],[9.003,46.551],[9.159,46.17],[8.912,45.83],[8.714,46.097],[8.385,46.452],[8.478,46.528]]]]}},{"type":"Feature","properties":{"id":"CY00","name":"K\u00fdpros"},"geometry":{"type":"MultiPolygon","coordinates":[[[[33.943,35.425],[34.155,35.54],[34.606,35.709],[34.574,35.669],[34.21,35.453],[34.061,35.327],[33.987,35.292],[33.937,35.025],[33.357,34.732],[32.675,34.659],[32.285,34.951],[33.002,35.379],[33.943,35.425]]]]}},{"type":"Feature","properties":{"id":"CZ01","name":"Praha"},"geometry":{"type":"MultiPolygon","coordinates":[[[[14.29,50.092],[14.585,50.218],[14.813,50.094],[14.621,49.94],[14.29,50.092]]]]}},{"type":"Feature","properties":{"id":"CZ02","name":"St\u0159edn\u00ed \u010cechy"},"geometry":{"type":"MultiPolygon","coordinates":[[[[15.438,50.11],[15.497,49.861],[14.932,49.549],[13.766,49.514],[13.765,49.908],[13.407,50.09],[14.486,50.505],[15.147,50.523],[15.438,50.11]],[[14.29,50.092],[14.621,49.94],[14.813,50.094],[14.585,50.218],[14.29,50.092]]]]}},{"type":"Feature","properties":{"id":"CZ03","name":"Jihoz\u00e1pad"},"geometry":{"type":"MultiPolygon","coordinates":[[[[13.765,49.908],[13.766,49.514],[14.932,49.549],[15.022,49.305],[15.587,48.947],[15.542,48.908],[15.039,48.966],[14.691,48.584],[14.176,48.585],[13.84,48.772],[13.552,48.968],[13.417,48.98],[13.171,49.174],[12.634,49.476],[12.594,49.542],[12.402,49.758],[12.551,49.905],[13.301,50.1],[13.407,50.09],[13.765,49.908]]]]}},{"type":"Feature","properties":{"id":"CZ04","name":"Severoz\u00e1pad"},"geometry":{"type":"MultiPolygon","coordinates":[[[[14.486,50.505],[13.407,50.09],[13.301,50.1],[12.551,49.905],[12.261,50.058],[12.161,50.22],[12.101,50.318],[12.584,50.407],[12.948,50.404],[13.502,50.634],[13.652,50.73],[14.173,50.862],[14.318,51.055],[14.491,51.044],[14.619,50.858],[14.42,50.691],[14.486,50.505]]]]}},{"type":"Feature","properties":{"id":"CZ05","name":"Severov\u00fdchod"},"geometry":{"type":"MultiPolygon","coordinates":[[[[16.365,50.574],[16.58,50.143],[16.863,50.198],[16.804,49.599],[16.394,49.581],[15.497,49.861],[15.438,50.11],[15.147,50.523],[14.486,50.505],[14.42,50.691],[14.619,50.858],[14.823,50.871],[15.148,50.983],[15.535,50.779],[16.107,50.662],[16.365,50.574]]]]}},{"type":"Feature","properties":{"id":"CZ06","name":"Jihov\u00fdchod"},"geometry":{"type":"MultiPolygon","coordinates":[[[[15.497,49.861],[16.394,49.581],[16.804,49.599],[17.16,49.275],[17.647,48.854],[17.397,48.813],[16.94,48.617],[15.754,48.852],[15.542,48.908],[15.587,48.947],[15.022,49.305],[14.932,49.549],[15.497,49.861]]]]}},{"type":"Feature","properties":{"id":"CZ07","name":"St\u0159edn\u00ed Morava"},"geometry":{"type":"MultiPolygon","coordinates":[[[[18.322,49.315],[17.647,48.854],[17.16,49.275],[16.804,49.599],[16.863,50.198],[16.908,50.449],[17.43,50.255],[17.217,49.897],[17.917,49.538],[18.404,49.397],[18.322,49.315]]]]}},{"type":"Feature","properties":{"id":"CZ08","name":"Moravskoslezsko"},"geometry":{"type":"MultiPolygon","coordinates":[[[[18.035,50.066],[18.576,49.91],[18.782,49.684],[18.852,49.517],[18.404,49.397],[17.917,49.538],[17.217,49.897],[17.43,50.255],[18.035,50.066]]]]}},{"type":"Feature","properties":{"id":"DE11","name":"Stuttgart"},"geometry":{"type":"MultiPolygon","coordinates":[[[[10.487,48.697],[10.278,48.516],[10.231,48.511],[9.944,48.632],[9.585,48.537],[9.582,48.539],[9.151,48.604],[9.129,48.601],[8.769,48.522],[8.804,48.778],[8.929,48.867],[8.876,49.035],[8.878,49.058],[8.818,49.194],[9.049,49.293],[9.443,49.364],[9.604,49.427],[9.411,49.663],[9.471,49.78],[9.649,49.791],[10.084,49.544],[10.118,49.473],[10.112,49.385],[10.257,49.059],[10.41,48.977],[10.424,48.744],[10.487,48.697]]]]}},{"type":"Feature","properties":{"id":"MK00","name":"Severna Makedonija "},"geometry":{"type":"MultiPolygon","coordinates":[[[[22.36,42.311],[22.51,42.155],[22.661,42.073],[22.867,42.022],[22.902,41.878],[23.002,41.759],[23.013,41.692],[22.968,41.52],[22.928,41.339],[22.879,41.341],[22.799,41.341],[22.78,41.327],[22.757,41.303],[22.758,41.246],[22.756,41.227],[22.751,41.193],[22.749,41.173],[22.666,41.186],[22.606,41.127],[22.332,41.12],[22.216,41.17],[21.929,41.1],[21.91,41.082],[21.787,40.931],[21.503,40.911],[21.243,40.874],[21.12,40.855],[20.98,40.856],[20.978,40.89],[20.838,40.928],[20.732,40.912],[20.722,40.94],[20.704,40.991],[20.671,41.087],[20.633,41.087],[20.598,41.092],[20.517,41.238],[20.522,41.246],[20.502,41.317],[20.56,41.408],[20.558,41.582],[20.574,41.798],[20.563,41.846],[20.594,41.877],[20.728,41.864],[20.773,41.927],[20.767,41.963],[20.79,42.06],[20.928,42.127],[20.984,42.14],[21.049,42.166],[21.213,42.111],[21.248,42.092],[21.321,42.108],[21.377,42.238],[21.444,42.235],[21.587,42.263],[21.676,42.241],[21.777,42.265],[22.066,42.298],[22.133,42.307],[22.36,42.311]]]]}},{"type":"Feature","properties":{"id":"MT00","name":"Malta"},"geometry":{"type":"MultiPolygon","coordinates":[[[[14.49,35.93],[14.495,35.915],[14.503,35.917],[14.511,35.909],[14.499,35.907],[14.497,35.901],[14.494,35.898],[14.493,35.897],[14.491,35.895],[14.492,35.889],[14.493,35.885],[14.491,35.867],[14.484,35.85],[14.48,35.844],[14.478,35.842],[14.475,35.84],[14.467,35.834],[14.431,35.827],[14.389,35.846],[14.366,35.866],[14.357,35.898],[14.377,35.937],[14.426,35.948],[14.464,35.937],[14.49,35.93]]],[[[14.506,35.832],[14.502,35.829],[14.496,35.831],[14.486,35.827],[14.48,35.833],[14.485,35.836],[14.492,35.844],[14.499,35.838],[14.5,35.836],[14.506,35.832]]],[[[14.545,35.891],[14.557,35.882],[14.564,35.877],[14.567,35.845],[14.542,35.83],[14.537,35.833],[14.532,35.831],[14.531,35.821],[14.54,35.818],[14.541,35.821],[14.545,35.819],[14.542,35.811],[14.537,35.808],[14.516,35.807],[14.5,35.812],[14.502,35.821],[14.514,35.823],[14.51,35.831],[14.51,35.831],[14.504,35.839],[14.501,35.859],[14.499,35.863],[14.514,35.883],[14.514,35.889],[14.516,35.89],[14.516,35.89],[14.517,35.889],[14.52,35.886],[14.52,35.884],[14.521,35.885],[14.526,35.888],[14.544,35.89],[14.545,35.891]]],[[[14.505,35.888],[14.501,35.886],[14.498,35.888],[14.5,35.89],[14.497,35.891],[14.498,35.893],[14.506,35.899],[14.52,35.903],[14.518,35.898],[14.511,35.893],[14.505,35.888]]],[[[14.351,35.969],[14.355,35.967],[14.378,35.971],[14.396,35.967],[14.395,35.959],[14.39,35.958],[14.371,35.949],[14.37,35.944],[14.373,35.939],[14.352,35.931],[14.343,35.931],[14.342,35.934],[14.329,35.941],[14.336,35.945],[14.341,35.954],[14.336,35.968],[14.32,35.971],[14.334,35.987],[14.351,35.988],[14.369,35.997],[14.375,35.987],[14.352,35.974],[14.351,35.969]]],[[[14.356,36.015],[14.36,36.008],[14.327,35.999],[14.317,36.014],[14.308,36.012],[14.303,36.018],[14.34,36.023],[14.356,36.015]]],[[[14.333,36.039],[14.335,36.033],[14.32,36.026],[14.308,36.026],[14.305,36.029],[14.299,36.029],[14.297,36.034],[14.277,36.036],[14.269,36.022],[14.231,36.021],[14.213,36.031],[14.193,36.033],[14.191,36.062],[14.213,36.08],[14.229,36.08],[14.265,36.073],[14.286,36.062],[14.315,36.049],[14.322,36.048],[14.333,36.039]]]]}},{"type":"Feature","properties":{"id":"NL11","name":"Groningen"},"geometry":{"type":"MultiPolygon","coordinates":[[[[7.203,53.113],[7.093,52.838],[6.936,52.993],[6.814,53.071],[6.315,53.094],[6.177,53.159],[6.191,53.411],[6.559,53.511],[6.875,53.408],[7.093,53.257],[7.209,53.243],[7.203,53.113]]]]}},{"type":"Feature","properties":{"id":"NL12","name":"Friesland (NL)"},"geometry":{"type":"MultiPolygon","coordinates":[[[[5.795,52.806],[5.377,52.765],[5.164,53.001],[5.411,53.152],[6.191,53.411],[6.177,53.159],[6.315,53.094],[6.369,52.922],[6.12,52.854],[5.82,52.817],[5.795,52.806]]]]}},{"type":"Feature","properties":{"id":"NL13","name":"Drenthe"},"geometry":{"type":"MultiPolygon","coordinates":[[[[7.093,52.838],[7.006,52.639],[6.71,52.628],[6.629,52.67],[6.322,52.654],[6.12,52.854],[6.369,52.922],[6.315,53.094],[6.814,53.071],[6.936,52.993],[7.093,52.838]]]]}},{"type":"Feature","properties":{"id":"NL21","name":"Overijssel"},"geometry":{"type":"MultiPolygon","coordinates":[[[[6.12,52.854],[6.322,52.654],[6.629,52.67],[6.71,52.628],[6.698,52.486],[7.066,52.241],[6.76,52.119],[6.382,52.246],[6.166,52.231],[6.11,52.441],[5.864,52.518],[5.795,52.806],[5.82,52.817],[6.12,52.854]]]]}},{"type":"Feature","properties":{"id":"NL22","name":"Gelderland"},"geometry":{"type":"MultiPolygon","coordinates":[[[[6.11,52.441],[6.166,52.231],[6.382,52.246],[6.76,52.119],[6.408,51.828],[6.168,51.901],[5.953,51.748],[5.865,51.757],[5.598,51.828],[5.128,51.738],[5.001,51.821],[5.027,51.859],[5.251,51.969],[5.606,51.943],[5.405,52.25],[5.864,52.518],[6.11,52.441]]]]}},{"type":"Feature","properties":{"id":"NL23","name":"Flevoland"},"geometry":{"type":"MultiPolygon","coordinates":[[[[5.795,52.806],[5.864,52.518],[5.405,52.25],[5.335,52.29],[5.079,52.389],[5.06,52.579],[5.377,52.765],[5.795,52.806]]]]}},{"type":"Feature","properties":{"id":"NL32","name":"Noord-Holland"},"geometry":{"type":"MultiPolygon","coordinates":[[[[5.079,52.389],[5.335,52.29],[5.095,52.208],[5.022,52.302],[4.795,52.227],[4.729,52.21],[4.612,52.314],[4.494,52.328],[4.561,52.437],[4.61,52.573],[4.649,52.756],[4.764,53.009],[5.164,53.001],[5.377,52.765],[5.06,52.579],[5.079,52.389]]]]}},{"type":"Feature","properties":{"id":"NL34","name":"Zeeland"},"geometry":{"type":"MultiPolygon","coordinates":[[[[4.243,51.647],[4.28,51.376],[4.244,51.375],[4.091,51.595],[3.828,51.435],[3.521,51.517],[3.845,51.755],[4.243,51.647]]],[[[4.235,51.348],[3.978,51.225],[3.856,51.211],[3.646,51.29],[3.381,51.274],[3.366,51.37],[4.235,51.348]]]]}},{"type":"Feature","properties":{"id":"NL35","name":"Utrecht"},"geometry":{"type":"MultiPolygon","coordinates":[[[[5.405,52.25],[5.606,51.943],[5.251,51.969],[5.027,51.859],[4.878,51.938],[4.795,52.227],[5.022,52.302],[5.095,52.208],[5.335,52.29],[5.405,52.25]]]]}},{"type":"Feature","properties":{"id":"NL36","name":"Zuid-Holland"},"geometry":{"type":"MultiPolygon","coordinates":[[[[4.612,52.314],[4.729,52.21],[4.795,52.227],[4.878,51.938],[5.027,51.859],[5.001,51.821],[4.791,51.794],[4.676,51.725],[4.62,51.714],[4.243,51.647],[3.845,51.755],[4.128,52.001],[4.198,52.054],[4.374,52.187],[4.494,52.328],[4.612,52.314]]]]}},{"type":"Feature","properties":{"id":"NL41","name":"Noord-Brabant"},"geometry":{"type":"MultiPolygon","coordinates":[[[[5.865,51.757],[5.838,51.566],[5.84,51.347],[5.566,51.221],[5.238,51.262],[5.102,51.429],[4.76,51.502],[4.67,51.426],[4.28,51.376],[4.243,51.647],[4.62,51.714],[4.676,51.725],[4.791,51.794],[5.001,51.821],[5.128,51.738],[5.598,51.828],[5.865,51.757]]]]}},{"type":"Feature","properties":{"id":"NL42","name":"Limburg (NL)"},"geometry":{"type":"MultiPolygon","coordinates":[[[[6.021,50.754],[5.819,50.715],[5.688,50.812],[5.766,51.009],[5.798,51.06],[5.566,51.221],[5.84,51.347],[5.838,51.566],[5.865,51.757],[5.953,51.748],[6.224,51.365],[6.073,51.243],[6.175,51.185],[5.877,51.032],[6.087,50.913],[6.021,50.754]]]]}},{"type":"Feature","properties":{"id":"NO02","name":"Innlandet"},"geometry":{"type":"MultiPolygon","coordinates":[[[[12.255,62.331],[12.299,62.267],[12.233,62.045],[12.189,61.897],[12.152,61.773],[12.791,61.392],[12.67,61.056],[12.35,60.944],[12.538,60.422],[12.419,60.113],[11.84,59.841],[11.183,60.536],[10.466,60.332],[8.252,61.074],[8.137,61.509],[7.349,62.008],[7.665,62.147],[9.062,62.373],[9.691,62.293],[10.141,62.646],[10.506,62.675],[12.255,62.331]]]]}},{"type":"Feature","properties":{"id":"NO06","name":"Tr\u00f8ndelag/Tr\u00f6\u00f6ndelage"},"geometry":{"type":"MultiPolygon","coordinates":[[[[12.224,64.97],[13.069,65.092],[14.326,65.119],[13.734,64.611],[14.036,64.406],[14.023,64.167],[12.83,63.924],[12.335,63.725],[12.04,63.198],[12.255,62.331],[10.506,62.675],[10.141,62.646],[9.691,62.293],[9.062,62.373],[9.105,62.715],[9.29,62.848],[8.805,63.198],[8.755,63.424],[8.447,63.555],[8.499,63.84],[8.731,63.889],[9.133,63.669],[10.108,63.974],[10.295,64.291],[10.856,64.627],[10.801,64.907],[12.224,64.97]]]]}},{"type":"Feature","properties":{"id":"NO07","name":"Nord-Norge"},"geometry":{"type":"MultiPolygon","coordinates":[[[[25.694,70.92],[25.59,70.507],[26.372,70.785],[26.827,70.623],[27.957,70.982],[28.509,70.717],[29.174,70.783],[30.463,70.481],[30.582,70.287],[30.164,69.984],[30.838,69.778],[30.841,69.777],[30.83,69.567],[30.15,69.529],[28.93,69.052],[29.118,69.615],[27.782,70.053],[26.152,69.763],[25.666,69.021],[25.024,68.654],[23.135,68.675],[21.984,69.073],[21.341,69.27],[20.549,69.06],[20.335,69.016],[19.936,68.39],[18.558,68.53],[18.126,68.537],[17.924,68.073],[16.879,67.938],[16.327,67.551],[16.27,67.045],[15.454,66.345],[14.617,66.123],[14.578,65.934],[14.326,65.119],[13.069,65.092],[12.224,64.97],[12.051,65.295],[12.066,66.061],[12.946,66.167],[12.765,66.81],[13.193,66.787],[14.718,67.416],[14.851,67.889],[16.553,68.448],[16.114,68.539],[15.505,68.283],[14.446,68.286],[14.644,68.775],[15.1,68.757],[15.949,69.185],[15.98,68.793],[17.572,68.748],[17.647,68.98],[17.184,69.069],[17.155,69.349],[17.993,69.514],[19.154,70.117],[20.756,69.804],[21.445,70.191],[22.213,70.367],[22.444,70.675],[22.594,70.641],[22.549,70.41],[23.059,70.674],[23.659,70.528],[25.505,71.036],[25.694,70.92]]],[[[11.828,65.551],[11.606,65.531],[11.467,65.844],[11.754,65.813],[11.828,65.551]]],[[[13.012,67.815],[12.834,67.718],[12.562,67.753],[12.74,68.029],[13.012,67.815]]],[[[14.128,68.214],[13.906,68.083],[13.602,68.227],[13.898,68.36],[14.128,68.214]]],[[[24.269,71.103],[24.109,70.844],[23.858,70.991],[24.051,71.182],[24.269,71.103]]]]}},{"type":"Feature","properties":{"id":"NO08","name":"Oslo og Viken"},"geometry":{"type":"MultiPolygon","coordinates":[[[[8.252,61.074],[10.466,60.332],[11.183,60.536],[11.84,59.841],[11.835,59.609],[11.826,59.238],[11.612,58.961],[11.245,59.092],[11.077,58.982],[10.607,59.376],[10.428,59.526],[10.123,59.654],[9.74,59.504],[9.595,59.447],[8.736,60.164],[7.665,60.125],[7.488,60.099],[7.725,60.745],[8.252,61.074]]]]}},{"type":"Feature","properties":{"id":"NO09","name":"Agder og S\u00f8r-\u00d8stlandet"},"geometry":{"type":"MultiPolygon","coordinates":[[[[8.736,60.164],[9.595,59.447],[9.74,59.504],[10.123,59.654],[10.428,59.526],[10.495,59.223],[10.341,59.063],[9.841,58.923],[9.307,58.773],[8.545,58.3],[7.689,58.04],[6.833,58.066],[6.439,58.291],[6.663,58.982],[7.215,59.673],[7.096,59.783],[7.488,60.099],[7.665,60.125],[8.736,60.164]]]]}},{"type":"Feature","properties":{"id":"NO0A","name":"Vestlandet"},"geometry":{"type":"MultiPolygon","coordinates":[[[[9.105,62.715],[9.062,62.373],[7.665,62.147],[7.349,62.008],[8.137,61.509],[8.252,61.074],[7.725,60.745],[7.488,60.099],[7.096,59.783],[7.215,59.673],[6.663,58.982],[6.439,58.291],[5.718,58.583],[5.574,59.168],[5.234,59.259],[5.303,59.481],[4.659,61.098],[5.156,61.869],[5.086,62.152],[5.285,62.198],[5.48,61.983],[5.561,62.337],[6.131,62.576],[6.483,62.539],[6.617,62.801],[7.728,63.13],[7.894,63.436],[8.755,63.424],[8.805,63.198],[9.29,62.848],[9.105,62.715]]]]}},{"type":"Feature","properties":{"id":"NO0B","name":"Svalbard og Jan Mayen"},"geometry":{"type":"MultiPolygon","coordinates":[[[[17.294,79.863],[19.022,79.278],[20.154,79.29],[23.789,77.733],[23.131,77.368],[21.71,77.526],[20.718,78.56],[19.663,78.549],[17.719,77.417],[16.979,76.747],[16.513,76.626],[15.891,77.008],[14.34,77.382],[14.393,77.895],[15.969,78.3],[16.085,78.541],[15.192,78.713],[13.829,78.288],[12.867,78.29],[11.902,78.66],[10.741,79.646],[11.433,79.827],[13.01,79.827],[13.706,79.512],[14.716,79.666],[15.681,79.353],[16.055,79.849],[17.294,79.863]]],[[[-7.935,71.052],[-8.375,70.95],[-8.512,71.024],[-8.372,71.12],[-8.047,71.178],[-7.935,71.052]]],[[[19.324,74.411],[19.105,74.287],[18.803,74.431],[19.089,74.567],[19.324,74.411]]],[[[12.066,78.228],[11.84,78.184],[11.602,78.426],[11.877,78.481],[12.066,78.228]]],[[[11.564,78.456],[11.399,78.362],[11.2,78.505],[11.444,78.611],[11.564,78.456]]],[[[11.273,78.544],[10.976,78.474],[10.615,78.751],[11.047,78.809],[11.273,78.544]]],[[[26.802,78.704],[26.529,78.637],[26.297,78.812],[26.611,78.907],[26.802,78.704]]],[[[32.379,80.268],[32.131,80.013],[31.642,80.09],[32.08,80.337],[32.379,80.268]]],[[[19.941,80.398],[21.84,80.223],[24.295,80.36],[26.498,79.793],[25.848,79.393],[23.254,79.156],[20.765,79.339],[18.472,79.986],[19.941,80.398]]]]}},{"type":"Feature","properties":{"id":"PL21","name":"Ma\u0142opolskie"},"geometry":{"type":"MultiPolygon","coordinates":[[[[19.95,50.505],[20.682,50.206],[21.209,50.355],[21.297,49.843],[21.242,49.776],[21.398,49.434],[20.615,49.418],[19.884,49.204],[19.467,49.614],[19.415,49.775],[19.093,49.957],[19.254,50.134],[19.845,50.434],[19.95,50.505]]]]}},{"type":"Feature","properties":{"id":"PL22","name":"\u015al\u0105skie"},"geometry":{"type":"MultiPolygon","coordinates":[[[[19.467,49.614],[19.135,49.422],[18.852,49.517],[18.782,49.684],[18.576,49.91],[18.035,50.066],[18.06,50.175],[18.426,50.249],[18.607,50.55],[18.616,50.854],[18.673,51.057],[18.782,51.064],[19.243,51.037],[19.747,50.866],[19.713,50.729],[19.95,50.505],[19.845,50.434],[19.254,50.134],[19.093,49.957],[19.415,49.775],[19.467,49.614]]]]}},{"type":"Feature","properties":{"id":"PL41","name":"Wielkopolskie"},"geometry":{"type":"MultiPolygon","coordinates":[[[[18.472,51.851],[18.164,51.173],[17.939,51.109],[17.795,51.194],[17.257,51.643],[16.828,51.572],[16.416,51.785],[15.947,52.025],[15.881,52.29],[15.947,52.755],[15.962,53.041],[16.582,53.221],[16.458,53.422],[16.892,53.656],[17.391,53.491],[17.298,53.422],[17.439,53.268],[17.459,52.739],[18.377,52.537],[18.782,52.342],[19.047,52.333],[18.828,52.064],[18.472,51.851]]]]}},{"type":"Feature","properties":{"id":"PL42","name":"Zachodniopomorskie"},"geometry":{"type":"MultiPolygon","coordinates":[[[[15.962,53.041],[14.565,52.624],[14.436,52.68],[14.157,52.896],[14.144,52.961],[14.412,53.33],[14.268,53.698],[14.523,53.725],[14.601,53.968],[15.388,54.159],[16.699,54.569],[16.793,53.986],[16.982,53.905],[16.892,53.656],[16.458,53.422],[16.582,53.221],[15.962,53.041]]]]}},{"type":"Feature","properties":{"id":"PL43","name":"Lubuskie"},"geometry":{"type":"MultiPolygon","coordinates":[[[[15.714,51.517],[14.974,51.364],[14.73,51.582],[14.717,52.001],[14.755,52.07],[14.601,52.272],[14.534,52.395],[14.565,52.624],[15.962,53.041],[15.947,52.755],[15.881,52.29],[15.947,52.025],[16.416,51.785],[15.967,51.746],[15.714,51.517]]]]}},{"type":"Feature","properties":{"id":"PL51","name":"Dolno\u015bl\u0105skie"},"geometry":{"type":"MultiPolygon","coordinates":[[[[16.416,51.785],[16.828,51.572],[17.257,51.643],[17.795,51.194],[17.165,50.613],[16.908,50.449],[16.863,50.198],[16.58,50.143],[16.365,50.574],[16.107,50.662],[15.535,50.779],[15.148,50.983],[14.823,50.871],[14.974,51.364],[15.714,51.517],[15.967,51.746],[16.416,51.785]]]]}},{"type":"Feature","properties":{"id":"PL52","name":"Opolskie"},"geometry":{"type":"MultiPolygon","coordinates":[[[[17.795,51.194],[17.939,51.109],[18.164,51.173],[18.673,51.057],[18.616,50.854],[18.607,50.55],[18.426,50.249],[18.06,50.175],[18.035,50.066],[17.43,50.255],[16.908,50.449],[17.165,50.613],[17.795,51.194]]]]}},{"type":"Feature","properties":{"id":"PL61","name":"Kujawsko-pomorskie"},"geometry":{"type":"MultiPolygon","coordinates":[[[[19.289,52.393],[19.047,52.333],[18.782,52.342],[18.377,52.537],[17.459,52.739],[17.439,53.268],[17.298,53.422],[17.391,53.491],[18.072,53.781],[18.782,53.606],[19.129,53.588],[19.247,53.422],[19.762,53.152],[19.685,52.963],[19.445,52.939],[19.289,52.393]]]]}},{"type":"Feature","properties":{"id":"PL62","name":"Warmi\u0144sko-mazurskie"},"geometry":{"type":"MultiPolygon","coordinates":[[[[20.314,54.402],[21.559,54.323],[22.792,54.363],[22.604,54.205],[22.693,53.802],[22.136,53.545],[21.613,53.481],[21.552,53.478],[20.676,53.27],[20.411,53.214],[19.762,53.152],[19.247,53.422],[19.129,53.588],[19.445,53.909],[19.218,54.116],[19.257,54.278],[19.804,54.442],[19.998,54.426],[20.11,54.419],[20.314,54.402]]]]}},{"type":"Feature","properties":{"id":"PL63","name":"Pomorskie"},"geometry":{"type":"MultiPolygon","coordinates":[[[[19.445,53.909],[19.129,53.588],[18.782,53.606],[18.072,53.781],[17.391,53.491],[16.892,53.656],[16.982,53.905],[16.793,53.986],[16.699,54.569],[17.667,54.783],[18.268,54.811],[18.542,54.584],[18.782,54.37],[18.95,54.358],[19.257,54.278],[19.218,54.116],[19.445,53.909]]]]}},{"type":"Feature","properties":{"id":"PL71","name":"\u0141\u00f3dzkie"},"geometry":{"type":"MultiPolygon","coordinates":[[[[20.054,51.157],[20.039,50.99],[19.747,50.866],[19.243,51.037],[18.782,51.064],[18.673,51.057],[18.164,51.173],[18.472,51.851],[18.828,52.064],[19.047,52.333],[19.289,52.393],[19.936,52.3],[20.534,51.835],[20.385,51.642],[20.425,51.612],[20.433,51.339],[20.054,51.157]]]]}},{"type":"Feature","properties":{"id":"PL72","name":"\u015awi\u0119tokrzyskie"},"geometry":{"type":"MultiPolygon","coordinates":[[[[20.433,51.339],[21.63,51.063],[21.803,51.072],[21.864,50.803],[21.209,50.355],[20.682,50.206],[19.95,50.505],[19.713,50.729],[19.747,50.866],[20.039,50.99],[20.054,51.157],[20.433,51.339]]]]}},{"type":"Feature","properties":{"id":"PL81","name":"Lubelskie"},"geometry":{"type":"MultiPolygon","coordinates":[[[[23.663,50.333],[23.548,50.252],[22.638,50.303],[22.52,50.583],[21.864,50.803],[21.803,51.072],[21.791,51.503],[21.616,51.618],[21.986,51.991],[22.623,52.019],[23.128,52.288],[23.178,52.283],[23.618,52.033],[23.617,51.51],[23.709,51.278],[23.846,51.053],[24.098,50.637],[23.663,50.333]]]]}},{"type":"Feature","properties":{"id":"PL82","name":"Podkarpackie"},"geometry":{"type":"MultiPolygon","coordinates":[[[[22.686,49.573],[22.868,49.003],[22.567,49.088],[21.398,49.434],[21.242,49.776],[21.297,49.843],[21.209,50.355],[21.864,50.803],[22.52,50.583],[22.638,50.303],[23.548,50.252],[23.467,50.188],[22.868,49.716],[22.686,49.573]]]]}},{"type":"Feature","properties":{"id":"PL84","name":"Podlaskie"},"geometry":{"type":"MultiPolygon","coordinates":[[[[23.939,52.778],[23.178,52.283],[23.128,52.288],[22.409,52.61],[21.613,53.481],[22.136,53.545],[22.693,53.802],[22.604,54.205],[22.792,54.363],[23.002,54.384],[23.321,54.253],[23.515,53.957],[23.589,53.696],[23.717,53.422],[23.916,52.905],[23.939,52.778]]]]}},{"type":"Feature","properties":{"id":"PL91","name":"Warszawski sto\u0142eczny"},"geometry":{"type":"MultiPolygon","coordinates":[[[[21.908,52.092],[21.276,51.877],[21.239,51.902],[20.545,52.046],[20.405,52.384],[20.93,52.559],[21.122,52.554],[21.597,52.553],[21.908,52.092]]]]}},{"type":"Feature","properties":{"id":"PL92","name":"Mazowiecki regionalny"},"geometry":{"type":"MultiPolygon","coordinates":[[[[22.409,52.61],[23.128,52.288],[22.623,52.019],[21.986,51.991],[21.616,51.618],[21.791,51.503],[21.803,51.072],[21.63,51.063],[20.433,51.339],[20.425,51.612],[20.385,51.642],[20.534,51.835],[19.936,52.3],[19.289,52.393],[19.445,52.939],[19.685,52.963],[19.762,53.152],[20.411,53.214],[20.676,53.27],[21.552,53.478],[21.613,53.481],[22.409,52.61]],[[21.239,51.902],[21.276,51.877],[21.908,52.092],[21.597,52.553],[21.122,52.554],[20.93,52.559],[20.405,52.384],[20.545,52.046],[21.239,51.902]]]]}},{"type":"Feature","properties":{"id":"PT11","name":"Norte"},"geometry":{"type":"MultiPolygon","coordinates":[[[[-8.199,42.154],[-8.165,41.818],[-8.052,41.821],[-7.2,41.88],[-6.986,41.971],[-6.57,41.885],[-6.261,41.552],[-6.48,41.294],[-6.69,41.205],[-6.93,41.029],[-7.454,40.813],[-7.916,41.02],[-8.089,40.988],[-8.273,40.763],[-8.653,40.965],[-8.776,41.472],[-8.812,41.612],[-8.872,41.864],[-8.863,41.872],[-8.307,42.108],[-8.199,42.154]]]]}},{"type":"Feature","properties":{"id":"PT15","name":"Algarve"},"geometry":{"type":"MultiPolygon","coordinates":[[[[-8.796,37.443],[-8.378,37.427],[-8.047,37.357],[-7.513,37.526],[-7.402,37.175],[-7.402,37.174],[-7.821,37.033],[-8.826,37.089],[-8.796,37.443]]]]}},{"type":"Feature","properties":{"id":"PT19","name":"Centro (PT)"},"geometry":{"type":"MultiPolygon","coordinates":[[[[-6.93,41.029],[-6.865,40.271],[-6.951,40.257],[-7.01,39.737],[-7.543,39.663],[-7.825,39.537],[-8.285,39.796],[-8.597,39.733],[-8.759,39.476],[-8.903,39.466],[-9.04,39.741],[-8.895,40.046],[-8.784,40.52],[-8.653,40.965],[-8.273,40.763],[-8.089,40.988],[-7.916,41.02],[-7.454,40.813],[-6.93,41.029]]]]}},{"type":"Feature","properties":{"id":"PT1A","name":"Grande Lisboa"},"geometry":{"type":"MultiPolygon","coordinates":[[[[-9.416,39.055],[-8.93,39.018],[-8.968,38.828],[-9.407,38.729],[-9.416,39.055]]]]}},{"type":"Feature","properties":{"id":"PT1B","name":"Pen\u00ednsula de Set\u00fabal"},"geometry":{"type":"MultiPolygon","coordinates":[[[[-8.925,38.759],[-8.547,38.763],[-8.639,38.549],[-8.735,38.516],[-9.02,38.563],[-8.925,38.759]]]]}},{"type":"Feature","properties":{"id":"PT1C","name":"Alentejo"},"geometry":{"type":"MultiPolygon","coordinates":[[[[-7.275,38.443],[-7.108,38.188],[-6.932,38.208],[-7.513,37.526],[-8.047,37.357],[-8.378,37.427],[-8.796,37.443],[-8.735,38.516],[-8.639,38.549],[-8.547,38.763],[-8.228,38.987],[-8.173,39.233],[-7.825,39.537],[-7.543,39.663],[-7.231,39.278],[-7.02,39.004],[-7.203,38.751],[-7.275,38.443]]]]}},{"type":"Feature","properties":{"id":"DK02","name":"Sj\u00e6lland"},"geometry":{"type":"MultiPolygon","coordinates":[[[[11.534,55.816],[11.78,55.659],[11.867,55.737],[11.981,55.73],[12.105,55.734],[12.248,55.71],[12.363,55.594],[12.217,55.428],[12.02,54.822],[11.33,54.741],[11.48,55.052],[11.251,55.287],[11.252,55.68],[11.534,55.816]]]]}},{"type":"Feature","properties":{"id":"DK03","name":"Syddanmark"},"geometry":{"type":"MultiPolygon","coordinates":[[[[9.423,54.823],[9.403,54.807],[9.113,54.874],[8.636,54.912],[8.632,55.325],[8.154,55.566],[8.196,55.832],[9.387,55.924],[9.672,55.712],[9.629,55.04],[9.42,54.832],[9.423,54.823]]],[[[10.116,54.909],[9.937,54.813],[9.7,54.969],[9.775,55.067],[9.92,55.101],[10.06,55.039],[10.116,54.909]]],[[[10.785,54.849],[10.418,54.849],[9.682,55.391],[10.064,55.571],[10.673,55.534],[10.785,54.849]]]]}},{"type":"Feature","properties":{"id":"DK04","name":"Midtjylland"},"geometry":{"type":"MultiPolygon","coordinates":[[[[9.32,56.672],[9.796,56.562],[10.195,56.685],[10.793,56.456],[10.795,56.318],[9.672,55.712],[9.387,55.924],[8.196,55.832],[8.309,55.95],[8.121,56.179],[8.154,56.517],[8.404,56.67],[8.406,56.676],[8.752,56.646],[9.023,56.787],[9.32,56.672]]]]}},{"type":"Feature","properties":{"id":"DK05","name":"Nordjylland"},"geometry":{"type":"MultiPolygon","coordinates":[[[[10.195,56.685],[9.796,56.562],[9.32,56.672],[9.023,56.787],[8.752,56.646],[8.406,56.676],[8.404,56.67],[8.355,56.853],[8.539,57.034],[9.409,57.214],[10.377,57.659],[10.499,57.343],[10.195,56.685]]]]}},{"type":"Feature","properties":{"id":"EE00","name":"Eesti"},"geometry":{"type":"MultiPolygon","coordinates":[[[[26.051,59.617],[26.961,59.436],[27.172,59.44],[27.874,59.407],[28.044,59.469],[28.12,59.354],[27.789,59.087],[27.738,58.978],[27.357,58.787],[27.678,58.008],[27.697,57.995],[27.352,57.518],[26.456,57.551],[25.437,58.02],[25.046,58.04],[24.391,57.873],[24.393,58.326],[23.797,58.397],[23.556,58.629],[23.544,59.105],[23.731,59.237],[24.395,59.474],[25.798,59.57],[26.051,59.617]]],[[[23.075,58.528],[22.21,58.043],[21.667,58.316],[22.693,59.015],[23.075,58.528]]]]}},{"type":"Feature","properties":{"id":"EL30","name":"Attiki"},"geometry":{"type":"MultiPolygon","coordinates":[[[[24.009,38.069],[24.0,37.795],[23.744,37.854],[23.685,37.976],[23.597,38.016],[23.18,37.952],[23.118,38.061],[23.126,38.168],[23.634,38.211],[23.69,38.34],[24.009,38.069]]],[[[23.195,36.238],[23.009,36.015],[22.781,36.249],[23.022,36.365],[23.195,36.238]]],[[[23.489,37.456],[23.424,37.412],[23.172,37.612],[23.414,37.579],[23.489,37.456]]]]}},{"type":"Feature","properties":{"id":"EL41","name":"Voreio Aigaio"},"geometry":{"type":"MultiPolygon","coordinates":[[[[26.621,39.052],[26.358,38.962],[25.907,39.121],[25.823,39.191],[25.91,39.257],[26.346,39.385],[26.621,39.052]]],[[[27.006,37.656],[26.804,37.567],[26.546,37.797],[26.881,37.859],[27.006,37.656]]],[[[26.155,38.306],[26.014,38.168],[25.944,38.225],[25.97,38.306],[25.889,38.551],[25.982,38.593],[26.138,38.529],[26.155,38.306]]],[[[25.301,39.878],[25.231,39.754],[25.011,39.778],[25.011,40.072],[25.213,40.044],[25.301,39.878]]]]}},{"type":"Feature","properties":{"id":"EL42","name":"Notio Aigaio"},"geometry":{"type":"MultiPolygon","coordinates":[[[[28.138,36.322],[27.832,35.876],[27.612,36.171],[27.885,36.351],[28.138,36.322]]],[[[26.525,35.877],[26.268,35.723],[26.017,35.856],[26.231,36.007],[26.525,35.877]]],[[[26.258,36.411],[26.234,36.362],[26.018,36.491],[25.893,36.565],[26.28,36.741],[26.263,36.491],[26.258,36.411]]],[[[24.723,36.634],[24.508,36.596],[24.342,36.868],[24.618,36.91],[24.723,36.634]]],[[[27.149,36.953],[26.929,36.832],[26.734,37.017],[27.006,37.17],[27.149,36.953]]],[[[25.655,36.904],[25.513,36.875],[25.219,37.096],[25.513,37.207],[25.655,36.904]]],[[[25.017,37.777],[24.912,37.689],[24.768,37.718],[24.698,37.838],[24.809,37.979],[25.048,37.955],[25.017,37.777]]]]}},{"type":"Feature","properties":{"id":"EL43","name":"Kriti"},"geometry":{"type":"MultiPolygon","coordinates":[[[[23.893,35.525],[24.317,35.354],[24.928,35.407],[25.491,35.298],[26.312,35.316],[26.23,35.034],[25.551,34.991],[24.936,34.931],[24.723,35.093],[24.288,35.176],[23.741,35.263],[23.622,35.438],[23.893,35.525]]]]}},{"type":"Feature","properties":{"id":"EL51","name":"Anatoliki Makedonia, Thraki"},"geometry":{"type":"MultiPolygon","coordinates":[[[[26.489,41.306],[26.308,40.957],[26.301,40.944],[26.033,40.73],[25.632,40.863],[25.073,41.004],[24.813,40.858],[24.689,40.641],[24.511,40.902],[23.868,40.779],[24.118,41.006],[23.624,41.376],[24.06,41.522],[24.483,41.545],[24.784,41.36],[25.073,41.347],[25.179,41.31],[25.225,41.265],[25.906,41.308],[25.949,41.32],[26.358,41.711],[26.571,41.475],[26.522,41.374],[26.489,41.306]]],[[[25.779,40.45],[25.539,40.29],[25.353,40.486],[25.596,40.626],[25.779,40.45]]]]}},{"type":"Feature","properties":{"id":"EL52","name":"Kentriki Makedonia"},"geometry":{"type":"MultiPolygon","coordinates":[[[[23.624,41.376],[24.118,41.006],[23.868,40.779],[23.765,40.758],[23.757,40.635],[23.775,40.476],[23.784,40.396],[23.746,40.365],[23.619,40.261],[23.004,40.35],[22.682,40.529],[22.664,40.492],[22.662,39.976],[22.116,40.19],[22.184,40.302],[21.906,40.682],[21.822,40.697],[21.787,40.931],[21.91,41.082],[21.929,41.1],[22.216,41.17],[22.332,41.12],[22.606,41.127],[22.666,41.186],[22.749,41.173],[22.751,41.193],[22.756,41.227],[22.758,41.246],[22.757,41.303],[22.78,41.327],[22.799,41.341],[22.879,41.341],[22.928,41.339],[23.624,41.376]]],[[[24.177,39.976],[23.908,39.922],[23.665,40.093],[23.971,40.191],[24.177,39.976]]]]}},{"type":"Feature","properties":{"id":"EL53","name":"Dytiki Makedonia"},"geometry":{"type":"MultiPolygon","coordinates":[[[[21.787,40.931],[21.822,40.697],[21.906,40.682],[22.184,40.302],[22.116,40.19],[21.918,39.852],[21.296,39.857],[21.075,39.94],[21.004,40.154],[20.778,40.349],[20.796,40.434],[21.056,40.617],[20.98,40.856],[21.12,40.855],[21.243,40.874],[21.503,40.911],[21.787,40.931]]]]}},{"type":"Feature","properties":{"id":"EL54","name":"Ipeiros"},"geometry":{"type":"MultiPolygon","coordinates":[[[[21.296,39.857],[21.232,39.751],[21.182,39.501],[21.373,39.175],[21.123,39.031],[20.738,39.057],[20.478,39.275],[20.009,39.691],[20.302,39.813],[20.391,39.788],[20.38,39.976],[20.613,40.08],[20.778,40.349],[21.004,40.154],[21.075,39.94],[21.296,39.857]]]]}},{"type":"Feature","properties":{"id":"EL61","name":"Thessalia"},"geometry":{"type":"MultiPolygon","coordinates":[[[[22.662,39.976],[22.916,39.603],[23.092,39.39],[22.962,38.975],[22.505,39.131],[22.258,39.272],[21.948,39.031],[21.696,39.206],[21.396,39.165],[21.373,39.175],[21.182,39.501],[21.232,39.751],[21.296,39.857],[21.918,39.852],[22.116,40.19],[22.662,39.976]]],[[[23.957,39.179],[23.836,38.952],[23.521,39.083],[23.797,39.277],[23.957,39.179]]]]}},{"type":"Feature","properties":{"id":"EL62","name":"Ionia Nisia"},"geometry":{"type":"MultiPolygon","coordinates":[[[[20.845,38.639],[20.472,38.516],[20.584,38.822],[20.719,38.898],[20.845,38.639]]],[[[21.094,37.696],[20.865,37.585],[20.576,37.737],[20.91,37.862],[21.094,37.696]]],[[[20.764,38.351],[20.763,38.072],[20.515,38.103],[20.427,38.321],[20.764,38.351]]],[[[19.975,39.676],[19.84,39.576],[19.611,39.745],[19.893,39.821],[19.975,39.676]]]]}},{"type":"Feature","properties":{"id":"EL63","name":"Dytiki Ell\u00e1da"},"geometry":{"type":"MultiPolygon","coordinates":[[[[22.373,38.142],[22.264,37.839],[21.89,37.866],[21.966,37.483],[21.68,37.377],[21.22,37.815],[21.351,38.102],[21.837,38.304],[22.373,38.142]]],[[[21.377,39.031],[21.635,38.769],[21.946,38.784],[21.999,38.769],[21.852,38.375],[21.135,38.376],[20.835,38.796],[21.123,39.031],[21.373,39.175],[21.396,39.165],[21.377,39.031]]]]}},{"type":"Feature","properties":{"id":"EL64","name":"Sterea Ell\u00e1da"},"geometry":{"type":"MultiPolygon","coordinates":[[[[22.505,39.131],[22.962,38.975],[22.885,38.82],[23.378,38.526],[23.376,38.51],[23.393,38.664],[23.167,38.897],[23.284,39.022],[23.584,38.782],[24.075,38.636],[24.212,38.338],[24.156,38.289],[23.66,38.431],[23.621,38.353],[23.69,38.34],[23.634,38.211],[23.126,38.168],[22.601,38.317],[21.852,38.375],[21.999,38.769],[21.946,38.784],[21.635,38.769],[21.377,39.031],[21.396,39.165],[21.696,39.206],[21.948,39.031],[22.258,39.272],[22.505,39.131]]],[[[24.586,37.986],[24.354,37.942],[24.138,38.087],[24.367,38.18],[24.633,38.113],[24.586,37.986]]]]}},{"type":"Feature","properties":{"id":"EL65","name":"Peloponnisos"},"geometry":{"type":"MultiPolygon","coordinates":[[[[23.18,37.952],[23.12,37.73],[23.172,37.612],[23.424,37.412],[22.811,37.466],[22.981,37.048],[22.937,36.661],[22.375,36.725],[22.081,36.951],[21.802,36.78],[21.68,37.377],[21.966,37.483],[21.89,37.866],[22.264,37.839],[22.373,38.142],[23.118,38.061],[23.18,37.952]]]]}},{"type":"Feature","properties":{"id":"ES11","name":"Galicia"},"geometry":{"type":"MultiPolygon","coordinates":[[[[-6.922,42.757],[-7.077,42.508],[-6.784,42.254],[-6.888,42.108],[-6.986,41.971],[-7.2,41.88],[-8.052,41.821],[-8.165,41.818],[-8.199,42.154],[-8.307,42.108],[-8.863,41.872],[-8.769,42.108],[-8.694,42.298],[-8.822,42.512],[-8.727,42.688],[-8.993,42.65],[-9.057,42.757],[-9.24,43.058],[-8.632,43.311],[-7.7,43.735],[-7.032,43.544],[-7.105,43.393],[-6.824,42.915],[-6.922,42.757]]]]}},{"type":"Feature","properties":{"id":"ES12","name":"Principado de Asturias"},"geometry":{"type":"MultiPolygon","coordinates":[[[[-4.512,43.393],[-4.841,43.181],[-6.824,42.915],[-7.105,43.393],[-7.032,43.544],[-5.838,43.611],[-4.512,43.393]]]]}},{"type":"Feature","properties":{"id":"ES13","name":"Cantabria"},"geometry":{"type":"MultiPolygon","coordinates":[[[[-3.153,43.353],[-3.418,43.133],[-3.583,43.154],[-4.0,42.769],[-4.738,43.021],[-4.841,43.181],[-4.512,43.393],[-3.583,43.512],[-3.153,43.353]]]]}},{"type":"Feature","properties":{"id":"ES21","name":"Pa\u00eds Vasco"},"geometry":{"type":"MultiPolygon","coordinates":[[[[-3.153,43.353],[-2.413,43.321],[-1.818,43.349],[-1.786,43.351],[-1.729,43.296],[-1.818,43.227],[-2.251,42.896],[-2.421,42.489],[-2.858,42.638],[-2.75,42.736],[-2.883,42.757],[-3.082,42.789],[-3.142,43.161],[-3.265,43.19],[-3.418,43.133],[-3.153,43.353]]]]}},{"type":"Feature","properties":{"id":"ES22","name":"Comunidad Foral de Navarra"},"geometry":{"type":"MultiPolygon","coordinates":[[[[-0.725,42.92],[-0.821,42.823],[-0.901,42.743],[-1.457,42.027],[-1.847,42.008],[-1.999,42.306],[-2.421,42.489],[-2.251,42.896],[-1.818,43.227],[-1.729,43.296],[-0.725,42.92]]]]}},{"type":"Feature","properties":{"id":"ES23","name":"La Rioja"},"geometry":{"type":"MultiPolygon","coordinates":[[[[-1.847,42.008],[-1.857,41.966],[-2.303,42.099],[-2.416,42.092],[-2.914,42.023],[-2.983,42.108],[-3.1,42.253],[-3.078,42.512],[-3.017,42.624],[-2.858,42.638],[-2.421,42.489],[-1.999,42.306],[-1.847,42.008]]]]}},{"type":"Feature","properties":{"id":"ES24","name":"Arag\u00f3n"},"geometry":{"type":"MultiPolygon","coordinates":[[[[-0.222,40.709],[-0.798,39.881],[-1.449,40.145],[-1.806,40.398],[-1.585,40.65],[-1.617,40.944],[-1.818,41.038],[-2.052,41.147],[-1.857,41.966],[-1.847,42.008],[-1.457,42.027],[-0.901,42.743],[-0.821,42.823],[-0.725,42.92],[-0.313,42.849],[-0.108,42.811],[0.478,42.7],[0.66,42.691],[0.675,42.108],[0.336,41.407],[0.386,41.279],[0.221,41.071],[0.17,40.733],[-0.108,40.716],[-0.222,40.709]]]]}},{"type":"Feature","properties":{"id":"ES30","name":"Comunidad de Madrid"},"geometry":{"type":"MultiPolygon","coordinates":[[[[-3.54,41.165],[-3.068,40.158],[-3.161,40.065],[-3.583,40.013],[-4.096,40.26],[-4.579,40.217],[-4.319,40.648],[-3.54,41.165]]]]}},{"type":"Feature","properties":{"id":"ES41","name":"Castilla y Le\u00f3n"},"geometry":{"type":"MultiPolygon","coordinates":[[[[-3.142,43.161],[-3.082,42.789],[-2.883,42.757],[-2.75,42.736],[-2.858,42.638],[-3.017,42.624],[-3.078,42.512],[-3.1,42.253],[-2.983,42.108],[-2.914,42.023],[-2.416,42.092],[-2.303,42.099],[-1.857,41.966],[-2.052,41.147],[-2.416,41.196],[-3.207,41.304],[-3.54,41.165],[-4.319,40.648],[-4.579,40.217],[-5.336,40.116],[-5.738,40.294],[-6.221,40.441],[-6.865,40.271],[-6.93,41.029],[-6.69,41.205],[-6.48,41.294],[-6.261,41.552],[-6.57,41.885],[-6.986,41.971],[-6.888,42.108],[-6.784,42.254],[-7.077,42.508],[-6.922,42.757],[-6.824,42.915],[-4.841,43.181],[-4.738,43.021],[-4.0,42.769],[-3.583,43.154],[-3.418,43.133],[-3.265,43.19],[-3.142,43.161]]]]}},{"type":"Feature","properties":{"id":"ES42","name":"Castilla-La Mancha"},"geometry":{"type":"MultiPolygon","coordinates":[[[[-1.449,40.145],[-1.268,39.748],[-1.505,39.418],[-1.234,39.3],[-1.201,39.029],[-1.055,38.898],[-0.929,38.784],[-1.027,38.656],[-1.329,38.64],[-1.818,38.343],[-2.341,38.026],[-2.551,38.084],[-2.527,38.371],[-2.762,38.533],[-3.583,38.45],[-4.269,38.347],[-5.047,38.729],[-4.784,39.182],[-4.941,39.395],[-4.953,39.395],[-5.343,39.869],[-5.336,40.116],[-4.579,40.217],[-4.096,40.26],[-3.583,40.013],[-3.161,40.065],[-3.068,40.158],[-3.54,41.165],[-3.207,41.304],[-2.416,41.196],[-2.052,41.147],[-1.818,41.038],[-1.617,40.944],[-1.585,40.65],[-1.806,40.398],[-1.449,40.145]]]]}},{"type":"Feature","properties":{"id":"ES43","name":"Extremadura"},"geometry":{"type":"MultiPolygon","coordinates":[[[[-5.343,39.869],[-4.953,39.395],[-4.941,39.395],[-4.784,39.182],[-5.047,38.729],[-5.5,38.453],[-5.585,38.132],[-6.18,37.941],[-6.932,38.208],[-7.108,38.188],[-7.275,38.443],[-7.203,38.751],[-7.02,39.004],[-7.231,39.278],[-7.543,39.663],[-7.01,39.737],[-6.951,40.257],[-6.865,40.271],[-6.221,40.441],[-5.738,40.294],[-5.336,40.116],[-5.343,39.869]]]]}},{"type":"Feature","properties":{"id":"ES51","name":"Catalu\u00f1a"},"geometry":{"type":"MultiPolygon","coordinates":[[[[1.731,42.492],[2.155,42.423],[2.97,42.433],[3.174,42.435],[3.173,42.434],[3.167,42.317],[3.146,41.897],[2.97,41.778],[2.779,41.649],[1.645,41.196],[1.46,41.142],[1.235,41.078],[0.947,40.995],[0.515,40.523],[0.17,40.733],[0.221,41.071],[0.386,41.279],[0.336,41.407],[0.675,42.108],[0.66,42.691],[0.858,42.826],[1.235,42.689],[1.43,42.618],[1.46,42.606],[1.726,42.504],[1.731,42.492]]]]}},{"type":"Feature","properties":{"id":"ES52","name":"Comunitat Valenciana "},"geometry":{"type":"MultiPolygon","coordinates":[[[[0.515,40.523],[-0.108,39.819],[-0.17,39.748],[-0.284,39.435],[-0.108,39.042],[-0.038,38.886],[0.137,38.716],[-0.108,38.557],[-0.495,38.304],[-0.762,37.847],[-1.016,38.226],[-1.027,38.656],[-0.929,38.784],[-1.055,38.898],[-1.201,39.029],[-1.234,39.3],[-1.505,39.418],[-1.268,39.748],[-1.449,40.145],[-0.798,39.881],[-0.222,40.709],[-0.108,40.716],[0.17,40.733],[0.515,40.523]]]]}},{"type":"Feature","properties":{"id":"ES53","name":"Illes Balears"},"geometry":{"type":"MultiPolygon","coordinates":[[[[3.339,39.672],[2.986,39.324],[2.375,39.535],[2.951,39.898],[3.339,39.672]]],[[[1.608,39.053],[1.421,38.816],[1.119,38.966],[1.411,39.111],[1.608,39.053]]],[[[4.317,39.876],[4.2,39.837],[3.84,39.926],[3.767,40.022],[4.16,40.061],[4.317,39.876]]]]}},{"type":"Feature","properties":{"id":"ES61","name":"Andaluc\u00eda"},"geometry":{"type":"MultiPolygon","coordinates":[[[[-5.047,38.729],[-4.269,38.347],[-3.583,38.45],[-2.762,38.533],[-2.527,38.371],[-2.551,38.084],[-2.341,38.026],[-2.208,37.916],[-1.818,37.552],[-1.63,37.375],[-1.818,37.123],[-1.993,36.889],[-2.194,36.763],[-2.416,36.76],[-3.129,36.751],[-3.583,36.726],[-3.777,36.738],[-4.344,36.707],[-5.252,36.311],[-5.339,36.153],[-5.339,36.152],[-5.352,36.153],[-5.351,36.153],[-5.612,36.044],[-6.003,36.191],[-6.347,36.602],[-6.346,36.799],[-6.917,37.15],[-7.402,37.175],[-7.513,37.526],[-6.932,38.208],[-6.18,37.941],[-5.585,38.132],[-5.5,38.453],[-5.047,38.729]]]]}},{"type":"Feature","properties":{"id":"ES62","name":"Regi\u00f3n de Murcia"},"geometry":{"type":"MultiPolygon","coordinates":[[[[-1.63,37.375],[-1.818,37.552],[-2.208,37.916],[-2.341,38.026],[-1.818,38.343],[-1.329,38.64],[-1.027,38.656],[-1.016,38.226],[-0.762,37.847],[-0.821,37.7],[-0.928,37.587],[-1.63,37.375]]]]}},{"type":"Feature","properties":{"id":"ES63","name":"Ciudad de Ceuta"},"geometry":{"type":"MultiPolygon","coordinates":[[[[-5.382,35.913],[-5.378,35.916],[-5.366,35.917],[-5.36,35.914],[-5.337,35.895],[-5.28,35.895],[-5.344,35.871],[-5.382,35.913]]]]}},{"type":"Feature","properties":{"id":"ES64","name":"Ciudad de Melilla"},"geometry":{"type":"MultiPolygon","coordinates":[[[[-2.93,35.272],[-2.949,35.266],[-2.968,35.283],[-2.96,35.315],[-2.952,35.32],[-2.946,35.314],[-2.945,35.308],[-2.932,35.294],[-2.936,35.291],[-2.937,35.283],[-2.93,35.272]]],[[[-2.439,35.178],[-2.44,35.177],[-2.444,35.179],[-2.441,35.183],[-2.44,35.183],[-2.439,35.178]]]]}},{"type":"Feature","properties":{"id":"ES70","name":"Canarias"},"geometry":{"type":"MultiPolygon","coordinates":[[[[-16.325,28.438],[-16.608,28.009],[-16.784,28.076],[-16.987,28.363],[-16.437,28.505],[-16.325,28.438]]],[[[-17.801,27.881],[-17.969,27.576],[-18.251,27.714],[-17.944,27.908],[-17.801,27.881]]],[[[-15.333,27.944],[-15.574,27.716],[-15.923,27.976],[-15.547,28.2],[-15.333,27.944]]],[[[-17.015,28.084],[-17.233,27.963],[-17.482,28.084],[-17.269,28.274],[-17.015,28.084]]],[[[-13.899,28.262],[-14.082,28.155],[-14.256,28.198],[-14.006,28.71],[-13.845,28.746],[-13.899,28.262]]],[[[-17.722,28.831],[-17.777,28.49],[-18.072,28.803],[-17.903,28.894],[-17.722,28.831]]],[[[-13.374,29.135],[-13.582,28.9],[-13.878,28.984],[-13.642,29.17],[-13.374,29.135]]]]}},{"type":"Feature","properties":{"id":"FI19","name":"L\u00e4nsi-Suomi"},"geometry":{"type":"MultiPolygon","coordinates":[[[[23.697,63.38],[24.211,63.186],[24.359,63.116],[25.036,63.458],[25.311,63.58],[26.139,63.458],[26.217,62.869],[26.709,62.453],[26.3,62.127],[26.371,61.808],[26.448,61.663],[26.315,61.608],[25.501,61.677],[24.914,61.325],[24.395,61.248],[23.195,61.001],[22.968,61.043],[22.107,60.92],[21.614,61.045],[21.42,61.047],[21.612,61.545],[21.33,61.954],[21.073,62.917],[21.139,63.372],[21.53,63.241],[22.458,63.572],[22.742,63.841],[22.987,63.784],[23.474,63.722],[23.697,63.38]]]]}},{"type":"Feature","properties":{"id":"FI1B","name":"Helsinki-Uusimaa"},"geometry":{"type":"MultiPolygon","coordinates":[[[[22.994,60.083],[23.662,60.308],[23.9,60.65],[24.395,60.599],[25.111,60.819],[26.3,60.749],[26.492,60.448],[26.247,60.245],[23.63,59.877],[23.033,59.852],[22.994,60.083]]]]}},{"type":"Feature","properties":{"id":"FI1C","name":"Etel\u00e4-Suomi"},"geometry":{"type":"MultiPolygon","coordinates":[[[[29.306,61.329],[27.991,60.669],[27.738,60.448],[26.492,60.448],[26.3,60.749],[25.111,60.819],[24.395,60.599],[23.9,60.65],[23.662,60.308],[22.994,60.083],[22.525,59.952],[21.817,60.28],[21.673,60.169],[21.737,59.973],[21.407,59.951],[21.24,60.769],[21.42,61.047],[21.614,61.045],[22.107,60.92],[22.968,61.043],[23.195,61.001],[24.395,61.248],[24.914,61.325],[25.501,61.677],[26.315,61.608],[26.514,61.274],[27.172,61.161],[29.559,61.722],[30.144,61.852],[29.951,61.723],[29.627,61.515],[29.509,61.486],[29.306,61.329]]]]}},{"type":"Feature","properties":{"id":"FI1D","name":"Pohjois- ja It\u00e4-Suomi"},"geometry":{"type":"MultiPolygon","coordinates":[[[[28.93,69.052],[28.495,68.47],[28.694,68.208],[29.927,67.684],[29.522,67.306],[29.115,66.967],[29.322,66.663],[29.573,66.433],[30.079,65.774],[29.755,65.497],[29.688,64.941],[30.057,64.722],[29.99,64.586],[30.493,64.122],[30.21,63.924],[29.972,63.757],[31.089,63.265],[31.46,62.893],[31.165,62.488],[30.144,61.852],[29.559,61.722],[27.172,61.161],[26.514,61.274],[26.315,61.608],[26.448,61.663],[26.371,61.808],[26.3,62.127],[26.709,62.453],[26.217,62.869],[26.139,63.458],[25.311,63.58],[25.036,63.458],[24.359,63.116],[24.211,63.186],[23.697,63.38],[23.474,63.722],[22.987,63.784],[23.22,63.924],[23.617,64.049],[24.52,64.725],[24.602,65.105],[24.798,65.089],[24.886,64.868],[25.27,64.937],[25.085,65.589],[24.3,65.795],[24.155,65.816],[24.081,65.938],[23.701,66.335],[23.902,66.765],[23.624,67.142],[23.742,67.306],[23.528,67.544],[23.477,67.993],[23.007,68.307],[21.913,68.642],[20.549,69.06],[21.341,69.27],[21.984,69.073],[23.135,68.675],[25.024,68.654],[25.666,69.021],[26.152,69.763],[27.782,70.053],[29.118,69.615],[28.93,69.052]]]]}},{"type":"Feature","properties":{"id":"FI20","name":"\u00c5land"},"geometry":{"type":"MultiPolygon","coordinates":[[[[21.015,60.174],[20.256,59.879],[19.523,60.236],[20.498,60.502],[21.015,60.174]]],[[[21.149,60.678],[20.998,60.525],[20.66,60.654],[20.934,60.819],[21.149,60.678]]]]}},{"type":"Feature","properties":{"id":"FR10","name":"Ile-de-France"},"geometry":{"type":"MultiPolygon","coordinates":[[[[2.059,49.201],[2.591,49.08],[3.072,49.118],[3.485,48.852],[3.556,48.62],[3.415,48.39],[2.936,48.163],[2.403,48.321],[1.994,48.287],[1.922,48.458],[1.502,48.941],[1.609,49.078],[1.704,49.232],[2.059,49.201]]]]}},{"type":"Feature","properties":{"id":"FRB0","name":"Centre \u2014 Val de Loire"},"geometry":{"type":"MultiPolygon","coordinates":[[[[1.922,48.458],[1.994,48.287],[2.403,48.321],[2.936,48.163],[2.977,47.569],[2.875,47.52],[2.97,47.08],[3.032,46.795],[2.281,46.42],[2.168,46.424],[1.415,46.347],[1.177,46.384],[0.867,46.748],[0.054,47.164],[0.23,47.608],[0.614,47.694],[0.842,48.104],[0.798,48.194],[0.917,48.466],[0.815,48.67],[1.502,48.941],[1.922,48.458]]]]}},{"type":"Feature","properties":{"id":"FRC1","name":"Bourgogne"},"geometry":{"type":"MultiPolygon","coordinates":[[[[3.804,48.104],[4.293,47.926],[4.704,48.02],[5.374,47.605],[5.519,47.304],[5.255,46.98],[5.311,46.447],[4.954,46.463],[4.78,46.177],[4.388,46.22],[3.9,46.276],[3.924,46.459],[3.629,46.749],[3.032,46.795],[2.97,47.08],[2.875,47.52],[2.977,47.569],[2.936,48.163],[3.415,48.39],[3.804,48.104]]]]}},{"type":"Feature","properties":{"id":"FRC2","name":"Franche-Comt\u00e9"},"geometry":{"type":"MultiPolygon","coordinates":[[[[6.129,47.99],[6.824,47.813],[6.846,47.823],[7.13,47.503],[6.939,47.434],[6.859,47.165],[6.46,46.852],[6.138,46.558],[6.064,46.416],[5.648,46.276],[5.311,46.447],[5.255,46.98],[5.519,47.304],[5.374,47.605],[5.885,47.926],[6.129,47.99]]]]}},{"type":"Feature","properties":{"id":"FRD1","name":"Basse-Normandie "},"geometry":{"type":"MultiPolygon","coordinates":[[[[-1.486,49.65],[-1.12,49.322],[-0.821,49.345],[-0.108,49.399],[0.297,49.43],[0.413,48.951],[0.815,48.67],[0.917,48.466],[0.798,48.194],[0.238,48.441],[-0.055,48.382],[-0.108,48.39],[-0.86,48.501],[-1.055,48.508],[-1.571,48.627],[-1.765,49.576],[-1.486,49.65]]]]}},{"type":"Feature","properties":{"id":"FRD2","name":"Haute-Normandie "},"geometry":{"type":"MultiPolygon","coordinates":[[[[1.502,48.941],[0.815,48.67],[0.413,48.951],[0.297,49.43],[0.436,49.458],[0.22,49.503],[0.335,49.727],[1.235,50.018],[1.38,50.065],[1.784,49.758],[1.714,49.409],[1.704,49.232],[1.609,49.078],[1.502,48.941]]]]}},{"type":"Feature","properties":{"id":"FRE1","name":"Nord-Pas de Calais"},"geometry":{"type":"MultiPolygon","coordinates":[[[[2.607,50.913],[2.854,50.768],[2.97,50.77],[3.082,50.8],[3.177,50.756],[3.31,50.552],[3.615,50.49],[3.656,50.462],[3.741,50.358],[4.028,50.358],[4.042,50.34],[4.141,49.979],[3.173,50.011],[3.09,50.054],[2.97,50.077],[2.059,50.256],[1.645,50.35],[1.655,50.83],[2.068,51.007],[2.546,51.089],[2.607,50.913]]]]}},{"type":"Feature","properties":{"id":"FRE2","name":"Picardie"},"geometry":{"type":"MultiPolygon","coordinates":[[[[3.694,49.292],[3.485,48.852],[3.072,49.118],[2.591,49.08],[2.059,49.201],[1.704,49.232],[1.714,49.409],[1.784,49.758],[1.38,50.065],[1.46,50.152],[1.645,50.35],[2.059,50.256],[2.97,50.077],[3.09,50.054],[3.173,50.011],[4.141,49.979],[4.233,49.958],[4.048,49.406],[3.694,49.292]]]]}},{"type":"Feature","properties":{"id":"FRF1","name":"Alsace"},"geometry":{"type":"MultiPolygon","coordinates":[[[[7.619,47.488],[7.381,47.432],[7.13,47.503],[6.846,47.823],[7.068,48.104],[7.198,48.31],[7.123,48.514],[7.079,48.536],[7.182,48.949],[7.636,49.054],[7.911,49.045],[8.068,48.999],[8.233,48.967],[7.96,48.719],[7.681,48.257],[7.577,48.119],[7.577,48.116],[7.546,47.744],[7.589,47.59],[7.619,47.539],[7.619,47.488]]]]}},{"type":"Feature","properties":{"id":"FRF2","name":"Champagne-Ardenne"},"geometry":{"type":"MultiPolygon","coordinates":[[[[4.793,50.147],[4.969,49.802],[5.154,49.718],[5.394,49.617],[4.951,49.237],[4.988,48.684],[5.47,48.421],[5.647,48.104],[5.885,47.926],[5.374,47.605],[4.704,48.02],[4.293,47.926],[3.804,48.104],[3.415,48.39],[3.556,48.62],[3.485,48.852],[3.694,49.292],[4.048,49.406],[4.233,49.958],[4.432,49.942],[4.793,50.147]]]]}},{"type":"Feature","properties":{"id":"FRF3","name":"Lorraine"},"geometry":{"type":"MultiPolygon","coordinates":[[[[5.394,49.617],[5.471,49.497],[5.735,49.546],[5.818,49.546],[5.893,49.497],[6.367,49.47],[6.557,49.419],[6.723,49.219],[7.101,49.156],[7.26,49.13],[7.369,49.161],[7.636,49.054],[7.182,48.949],[7.079,48.536],[7.123,48.514],[7.198,48.31],[7.068,48.104],[6.846,47.823],[6.824,47.813],[6.129,47.99],[5.885,47.926],[5.647,48.104],[5.47,48.421],[4.988,48.684],[4.951,49.237],[5.394,49.617]]]]}},{"type":"Feature","properties":{"id":"FRG0","name":"Pays de la Loire"},"geometry":{"type":"MultiPolygon","coordinates":[[[[-0.108,48.39],[-0.055,48.382],[0.238,48.441],[0.798,48.194],[0.842,48.104],[0.614,47.694],[0.23,47.608],[0.054,47.164],[-0.102,47.065],[-0.108,47.064],[-0.892,46.976],[-0.821,46.862],[-0.669,46.617],[-0.75,46.304],[-1.076,46.32],[-1.662,46.441],[-1.818,46.574],[-1.979,46.71],[-2.09,46.89],[-1.98,47.029],[-2.426,47.476],[-2.097,47.631],[-1.818,47.679],[-1.246,47.777],[-1.238,47.81],[-1.055,48.508],[-0.86,48.501],[-0.108,48.39]]]]}},{"type":"Feature","properties":{"id":"FRH0","name":"Bretagne"},"geometry":{"type":"MultiPolygon","coordinates":[[[[-3.162,48.794],[-2.62,48.582],[-2.416,48.591],[-2.124,48.605],[-1.818,48.617],[-1.571,48.627],[-1.055,48.508],[-1.238,47.81],[-1.246,47.777],[-1.818,47.679],[-2.097,47.631],[-2.426,47.476],[-3.003,47.575],[-3.111,47.497],[-3.226,47.717],[-3.486,47.651],[-3.523,47.849],[-4.31,47.909],[-4.659,48.424],[-4.116,48.674],[-3.583,48.671],[-3.162,48.794]]]]}},{"type":"Feature","properties":{"id":"FRI1","name":"Aquitaine"},"geometry":{"type":"MultiPolygon","coordinates":[[[[1.253,45.444],[1.448,45.019],[1.235,44.767],[1.075,44.577],[1.064,44.379],[0.742,44.065],[0.076,43.983],[-0.108,43.904],[-0.187,43.825],[-0.243,43.585],[-0.108,43.583],[-0.097,43.582],[-0.108,43.546],[-0.313,42.849],[-0.725,42.92],[-1.729,43.296],[-1.786,43.351],[-1.525,43.53],[-1.254,44.468],[-1.152,45.388],[-1.055,45.53],[-0.821,45.404],[-0.724,45.351],[-0.108,45.127],[-0.04,45.102],[0.004,45.192],[0.167,45.236],[0.258,45.351],[0.63,45.715],[1.253,45.444]]]]}},{"type":"Feature","properties":{"id":"FRI2","name":"Limousin"},"geometry":{"type":"MultiPolygon","coordinates":[[[[2.281,46.42],[2.565,46.143],[2.492,45.738],[2.508,45.479],[2.11,44.984],[1.448,45.019],[1.253,45.444],[0.63,45.715],[0.823,46.129],[1.177,46.384],[1.415,46.347],[2.168,46.424],[2.281,46.42]]]]}},{"type":"Feature","properties":{"id":"FRI3","name":"Poitou-Charentes"},"geometry":{"type":"MultiPolygon","coordinates":[[[[1.177,46.384],[0.823,46.129],[0.63,45.715],[0.258,45.351],[0.167,45.236],[0.004,45.192],[-0.04,45.102],[-0.108,45.127],[-0.724,45.351],[-0.821,45.404],[-1.123,45.781],[-1.076,46.32],[-0.75,46.304],[-0.669,46.617],[-0.821,46.862],[-0.892,46.976],[-0.108,47.064],[-0.102,47.065],[0.054,47.164],[0.867,46.748],[1.177,46.384]]]]}},{"type":"Feature","properties":{"id":"FRJ1","name":"Languedoc-Roussillon"},"geometry":{"type":"MultiPolygon","coordinates":[[[[4.739,43.924],[4.23,43.46],[4.101,43.555],[3.241,43.213],[3.043,42.838],[3.04,42.618],[3.174,42.435],[2.97,42.433],[2.155,42.423],[1.731,42.492],[1.726,42.504],[1.786,42.574],[2.166,42.664],[1.688,43.274],[2.029,43.437],[2.566,43.423],[2.935,43.695],[3.358,43.914],[3.374,44.171],[2.982,44.645],[3.361,44.971],[3.863,44.744],[3.998,44.46],[4.649,44.27],[4.739,43.924]]]]}},{"type":"Feature","properties":{"id":"FRJ2","name":"Midi-Pyr\u00e9n\u00e9es"},"geometry":{"type":"MultiPolygon","coordinates":[[[[2.11,44.984],[2.207,44.616],[2.677,44.827],[2.982,44.645],[3.374,44.171],[3.358,43.914],[2.935,43.695],[2.566,43.423],[2.029,43.437],[1.688,43.274],[2.166,42.664],[1.786,42.574],[1.43,42.618],[1.235,42.689],[0.858,42.826],[0.66,42.691],[0.478,42.7],[-0.108,42.811],[-0.313,42.849],[-0.108,43.546],[-0.097,43.582],[-0.108,43.583],[-0.243,43.585],[-0.187,43.825],[-0.108,43.904],[0.076,43.983],[0.742,44.065],[1.064,44.379],[1.075,44.577],[1.235,44.767],[1.448,45.019],[2.11,44.984]]]]}},{"type":"Feature","properties":{"id":"FRK1","name":"Auvergne"},"geometry":{"type":"MultiPolygon","coordinates":[[[[4.483,45.236],[3.863,44.744],[3.361,44.971],[2.982,44.645],[2.677,44.827],[2.207,44.616],[2.11,44.984],[2.508,45.479],[2.492,45.738],[2.565,46.143],[2.281,46.42],[3.032,46.795],[3.629,46.749],[3.924,46.459],[3.9,46.276],[3.694,45.931],[3.899,45.351],[4.483,45.236]]]]}},{"type":"Feature","properties":{"id":"FRK2","name":"Rh\u00f4ne-Alpes"},"geometry":{"type":"MultiPolygon","coordinates":[[[[5.311,46.447],[5.648,46.276],[6.064,46.416],[6.126,46.317],[5.956,46.132],[6.217,46.217],[6.241,46.344],[6.821,46.427],[7.045,45.922],[6.802,45.779],[7.105,45.468],[7.142,45.351],[6.63,45.11],[6.261,45.127],[6.243,44.915],[5.801,44.707],[5.556,44.447],[5.676,44.191],[5.499,44.116],[4.985,44.371],[4.651,44.33],[4.649,44.27],[3.998,44.46],[3.863,44.744],[4.483,45.236],[3.899,45.351],[3.694,45.931],[3.9,46.276],[4.388,46.22],[4.78,46.177],[4.954,46.463],[5.311,46.447]]]]}},{"type":"Feature","properties":{"id":"FRL0","name":"Provence-Alpes-C\u00f4te d\u2019Azur"},"geometry":{"type":"MultiPolygon","coordinates":[[[[6.887,44.361],[7.714,44.062],[7.619,43.959],[7.53,43.784],[7.441,43.75],[7.414,43.727],[6.931,43.48],[6.45,43.147],[5.672,43.179],[4.23,43.46],[4.739,43.924],[4.649,44.27],[4.651,44.33],[4.985,44.371],[5.499,44.116],[5.676,44.191],[5.556,44.447],[5.801,44.707],[6.243,44.915],[6.261,45.127],[6.63,45.11],[7.066,44.713],[6.948,44.655],[6.887,44.361]]]]}},{"type":"Feature","properties":{"id":"FRM0","name":"Corse"},"geometry":{"type":"MultiPolygon","coordinates":[[[[9.402,41.859],[9.22,41.521],[8.923,41.552],[8.573,42.381],[8.877,42.618],[9.248,42.713],[9.408,42.902],[9.482,42.618],[9.45,42.317],[9.402,41.859]]]]}},{"type":"Feature","properties":{"id":"FRY1","name":"Guadeloupe"},"geometry":{"type":"MultiPolygon","coordinates":[[[[-61.337,16.359],[-61.682,15.955],[-61.847,16.277],[-61.46,16.488],[-61.337,16.359]]],[[[-61.091,15.88],[-61.294,15.77],[-61.496,15.949],[-61.251,16.121],[-61.091,15.88]]],[[[-63.095,18.086],[-63.109,18.059],[-63.134,18.07],[-63.119,18.092],[-63.095,18.086]]]]}},{"type":"Feature","properties":{"id":"FRY2","name":"Martinique "},"geometry":{"type":"MultiPolygon","coordinates":[[[[-61.283,14.791],[-60.939,14.826],[-60.819,14.527],[-61.103,14.574],[-61.283,14.791]]]]}},{"type":"Feature","properties":{"id":"FRY3","name":"Guyane"},"geometry":{"type":"MultiPolygon","coordinates":[[[[-51.624,4.201],[-52.502,2.714],[-52.892,2.234],[-53.454,2.259],[-54.171,2.146],[-54.6,2.337],[-54.266,2.714],[-54.016,3.554],[-54.378,4.209],[-54.456,4.847],[-54.299,5.235],[-54.025,5.628],[-53.968,5.745],[-52.919,5.409],[-51.832,4.608],[-51.624,4.201]]]]}},{"type":"Feature","properties":{"id":"FRY4","name":"La R\u00e9union "},"geometry":{"type":"MultiPolygon","coordinates":[[[[55.121,-21.012],[55.61,-20.852],[55.864,-21.247],[55.49,-21.4],[55.121,-21.012]]]]}},{"type":"Feature","properties":{"id":"FRY5","name":"Mayotte"},"geometry":{"type":"MultiPolygon","coordinates":[[[[44.986,-12.939],[45.134,-12.685],[45.315,-12.695],[45.242,-13.046],[44.986,-12.939]]]]}},{"type":"Feature","properties":{"id":"HR02","name":"Panonska Hrvatska"},"geometry":{"type":"MultiPolygon","coordinates":[[[[17.294,45.989],[17.651,45.848],[17.912,45.791],[18.821,45.914],[18.89,45.921],[19.034,45.487],[19.005,45.435],[19.425,45.168],[19.13,45.114],[19.022,44.855],[19.005,44.854],[18.782,44.965],[18.53,45.088],[18.483,45.061],[18.469,45.067],[18.461,45.074],[18.456,45.078],[18.443,45.085],[18.438,45.098],[18.43,45.105],[18.419,45.109],[18.404,45.11],[18.387,45.107],[18.323,45.102],[18.316,45.104],[18.308,45.114],[18.298,45.115],[18.281,45.116],[18.278,45.13],[18.27,45.137],[18.249,45.139],[18.234,45.135],[18.212,45.124],[18.209,45.117],[18.213,45.107],[18.22,45.101],[18.22,45.095],[18.212,45.087],[18.197,45.079],[17.141,45.163],[16.563,45.191],[16.289,44.996],[15.84,45.225],[15.737,44.936],[15.017,45.123],[15.226,45.427],[15.297,45.586],[15.26,45.726],[15.317,45.76],[15.331,45.763],[15.922,45.479],[16.61,45.67],[16.702,45.923],[17.122,45.883],[17.294,45.989]]]]}},{"type":"Feature","properties":{"id":"HR03","name":"Jadranska Hrvatska"},"geometry":{"type":"MultiPolygon","coordinates":[[[[14.689,45.581],[14.787,45.501],[14.962,45.511],[15.057,45.492],[15.226,45.427],[15.017,45.123],[15.737,44.936],[16.132,44.455],[16.173,44.21],[16.544,43.974],[17.451,43.177],[18.333,42.618],[18.438,42.556],[18.525,42.421],[18.211,42.613],[17.848,42.723],[17.711,42.701],[17.44,42.757],[17.426,43.061],[16.022,43.507],[15.539,43.856],[15.134,44.111],[15.289,44.363],[14.897,44.698],[14.881,45.031],[14.61,45.046],[14.444,45.266],[14.226,45.154],[13.852,44.872],[13.535,45.385],[13.585,45.479],[13.586,45.479],[13.67,45.446],[14.002,45.52],[14.111,45.482],[14.118,45.481],[14.367,45.488],[14.503,45.58],[14.57,45.672],[14.689,45.581]]],[[[16.5,42.303],[16.257,42.256],[15.994,42.436],[16.291,42.534],[16.5,42.303]]],[[[17.073,42.743],[16.828,42.609],[16.54,42.742],[16.814,42.881],[17.073,42.743]]],[[[14.474,44.964],[14.476,44.625],[14.361,44.685],[14.31,44.919],[14.474,44.964]]]]}},{"type":"Feature","properties":{"id":"HR05","name":"Grad Zagreb"},"geometry":{"type":"MultiPolygon","coordinates":[[[[15.957,45.902],[16.155,45.969],[16.195,45.838],[15.923,45.659],[15.855,45.81],[15.957,45.902]]]]}},{"type":"Feature","properties":{"id":"HR06","name":"Sjeverna Hrvatska"},"geometry":{"type":"MultiPolygon","coordinates":[[[[16.597,46.476],[16.855,46.35],[16.876,46.321],[17.294,45.989],[17.122,45.883],[16.702,45.923],[16.61,45.67],[15.922,45.479],[15.331,45.763],[15.404,45.793],[15.479,45.827],[15.538,45.842],[15.706,45.975],[15.72,46.055],[15.627,46.086],[15.636,46.186],[15.675,46.227],[15.791,46.259],[15.867,46.276],[15.873,46.279],[15.913,46.29],[15.972,46.307],[16.035,46.336],[16.056,46.39],[16.058,46.394],[16.209,46.384],[16.215,46.384],[16.221,46.38],[16.226,46.386],[16.23,46.387],[16.239,46.38],[16.256,46.378],[16.265,46.376],[16.269,46.377],[16.302,46.378],[16.271,46.432],[16.242,46.49],[16.252,46.5],[16.313,46.524],[16.344,46.541],[16.597,46.476]],[[15.855,45.81],[15.923,45.659],[16.195,45.838],[16.155,45.969],[15.957,45.902],[15.855,45.81]]]]}},{"type":"Feature","properties":{"id":"HU11","name":"Budapest"},"geometry":{"type":"MultiPolygon","coordinates":[[[[18.87,47.604],[19.186,47.606],[19.281,47.423],[19.007,47.331],[18.87,47.604]]]]}},{"type":"Feature","properties":{"id":"HU12","name":"Pest"},"geometry":{"type":"MultiPolygon","coordinates":[[[[18.966,47.029],[18.688,47.577],[18.849,47.817],[18.928,48.057],[19.014,47.953],[19.571,47.735],[19.666,47.589],[20.095,47.007],[18.966,47.029]],[[18.87,47.604],[19.007,47.331],[19.281,47.423],[19.186,47.606],[18.87,47.604]]]]}},{"type":"Feature","properties":{"id":"HU21","name":"K\u00f6z\u00e9p-Dun\u00e1nt\u00fal"},"geometry":{"type":"MultiPolygon","coordinates":[[[[18.688,47.577],[18.966,47.029],[18.925,46.857],[18.782,46.769],[18.211,46.778],[18.205,46.972],[17.419,46.751],[17.075,47.049],[17.172,47.432],[17.884,47.39],[17.894,47.739],[18.849,47.817],[18.688,47.577]]]]}},{"type":"Feature","properties":{"id":"HU22","name":"Nyugat-Dun\u00e1nt\u00fal"},"geometry":{"type":"MultiPolygon","coordinates":[[[[17.894,47.739],[17.884,47.39],[17.172,47.432],[17.075,47.049],[17.419,46.751],[16.876,46.321],[16.855,46.35],[16.597,46.476],[16.39,46.638],[16.393,46.662],[16.416,46.689],[16.369,46.704],[16.371,46.722],[16.312,46.778],[16.313,46.798],[16.328,46.801],[16.34,46.804],[16.34,46.82],[16.345,46.829],[16.35,46.831],[16.347,46.84],[16.343,46.843],[16.337,46.846],[16.329,46.846],[16.317,46.856],[16.301,46.861],[16.298,46.866],[16.175,46.857],[16.135,46.856],[16.114,46.869],[16.456,47.042],[16.434,47.353],[16.646,47.447],[16.657,47.594],[16.422,47.665],[17.008,47.721],[17.161,48.007],[17.247,48.012],[17.705,47.759],[17.894,47.739]]]]}},{"type":"Feature","properties":{"id":"HU23","name":"D\u00e9l-Dun\u00e1nt\u00fal"},"geometry":{"type":"MultiPolygon","coordinates":[[[[18.211,46.778],[18.782,46.769],[18.925,46.857],[18.905,46.318],[18.782,46.109],[18.821,45.914],[17.912,45.791],[17.651,45.848],[17.294,45.989],[16.876,46.321],[17.419,46.751],[18.205,46.972],[18.211,46.778]]]]}},{"type":"Feature","properties":{"id":"HU31","name":"\u00c9szak-Magyarorsz\u00e1g"},"geometry":{"type":"MultiPolygon","coordinates":[[[[20.772,47.654],[20.438,47.475],[20.048,47.644],[19.666,47.589],[19.571,47.735],[19.014,47.953],[18.928,48.057],[19.014,48.078],[20.052,48.168],[20.464,48.464],[21.388,48.55],[22.121,48.378],[21.122,47.962],[20.828,47.659],[20.772,47.654]]]]}},{"type":"Feature","properties":{"id":"HU32","name":"\u00c9szak-Alf\u00f6ld"},"geometry":{"type":"MultiPolygon","coordinates":[[[[22.128,47.598],[21.659,47.022],[21.369,46.987],[20.992,47.232],[20.424,46.803],[20.061,46.806],[20.095,47.007],[19.666,47.589],[20.048,47.644],[20.438,47.475],[20.772,47.654],[20.828,47.659],[21.122,47.962],[22.121,48.378],[22.155,48.403],[22.256,48.343],[22.607,48.13],[22.874,47.968],[22.181,47.6],[22.128,47.598]]]]}},{"type":"Feature","properties":{"id":"HU33","name":"D\u00e9l-Alf\u00f6ld"},"geometry":{"type":"MultiPolygon","coordinates":[[[[20.992,47.232],[21.369,46.987],[21.659,47.022],[21.441,46.651],[21.147,46.336],[20.776,46.276],[20.705,46.161],[20.264,46.126],[19.865,46.15],[19.698,46.188],[19.303,45.992],[18.89,45.921],[18.821,45.914],[18.782,46.109],[18.905,46.318],[18.925,46.857],[18.966,47.029],[20.095,47.007],[20.061,46.806],[20.424,46.803],[20.992,47.232]]]]}},{"type":"Feature","properties":{"id":"IE04","name":"Northern and Western"},"geometry":{"type":"MultiPolygon","coordinates":[[[[-8.044,54.363],[-7.425,54.143],[-7.189,54.338],[-6.819,54.363],[-6.644,54.18],[-6.595,54.045],[-6.918,53.812],[-7.344,53.799],[-7.919,53.821],[-8.081,53.167],[-8.385,53.014],[-9.009,53.141],[-10.154,53.514],[-9.681,53.822],[-9.998,53.934],[-9.914,54.219],[-9.381,54.294],[-9.132,54.162],[-8.66,54.363],[-8.302,54.519],[-8.672,54.716],[-8.349,55.107],[-7.27,55.319],[-7.116,55.221],[-7.256,55.067],[-7.703,54.608],[-8.044,54.363]]]]}},{"type":"Feature","properties":{"id":"IE05","name":"Southern"},"geometry":{"type":"MultiPolygon","coordinates":[[[[-7.961,53.094],[-8.004,52.982],[-7.674,52.781],[-6.939,52.88],[-6.145,52.738],[-6.472,52.219],[-7.842,51.954],[-9.084,51.548],[-9.706,51.454],[-10.35,51.87],[-10.228,52.22],[-9.374,52.588],[-9.375,53.002],[-9.009,53.141],[-8.385,53.014],[-8.081,53.167],[-7.961,53.094]]]]}},{"type":"Feature","properties":{"id":"IE06","name":"Eastern and Midland"},"geometry":{"type":"MultiPolygon","coordinates":[[[[-6.268,54.102],[-6.213,53.634],[-6.051,53.48],[-6.103,53.211],[-6.039,52.982],[-6.145,52.738],[-6.939,52.88],[-7.674,52.781],[-8.004,52.982],[-7.961,53.094],[-8.081,53.167],[-7.919,53.821],[-7.344,53.799],[-6.918,53.812],[-6.595,54.045],[-6.418,54.062],[-6.268,54.102],[-6.268,54.102]]]]}},{"type":"Feature","properties":{"id":"ITC1","name":"Piemonte"},"geometry":{"type":"MultiPolygon","coordinates":[[[[9.203,44.613],[8.576,44.509],[8.262,44.519],[8.253,44.529],[8.016,44.111],[7.714,44.062],[6.887,44.361],[6.948,44.655],[7.066,44.713],[6.63,45.11],[7.142,45.351],[7.105,45.468],[7.619,45.566],[7.896,45.59],[7.937,45.724],[7.864,45.917],[7.877,45.927],[8.385,46.452],[8.714,46.097],[8.594,45.828],[8.707,45.558],[8.843,45.394],[8.514,45.313],[8.548,45.168],[9.2,44.686],[9.203,44.613]]]]}},{"type":"Feature","properties":{"id":"ITC2","name":"Valle d\u2019Aosta/Vall\u00e9e d\u2019Aoste"},"geometry":{"type":"MultiPolygon","coordinates":[[[[7.105,45.468],[6.802,45.779],[7.045,45.922],[7.619,45.972],[7.864,45.917],[7.937,45.724],[7.896,45.59],[7.619,45.566],[7.105,45.468]]]]}},{"type":"Feature","properties":{"id":"ITC3","name":"Liguria"},"geometry":{"type":"MultiPolygon","coordinates":[[[[9.493,44.556],[9.479,44.409],[9.687,44.366],[10.019,44.045],[9.511,44.217],[8.633,44.38],[8.135,43.939],[7.53,43.784],[7.619,43.959],[7.714,44.062],[8.016,44.111],[8.253,44.529],[8.262,44.519],[8.576,44.509],[9.203,44.613],[9.493,44.556]]]]}},{"type":"Feature","properties":{"id":"ITC4","name":"Lombardia"},"geometry":{"type":"MultiPolygon","coordinates":[[[[10.516,46.343],[10.514,45.881],[10.84,45.833],[10.627,45.385],[11.206,45.109],[11.427,44.95],[11.246,44.951],[10.888,44.914],[10.504,44.922],[10.464,44.937],[10.084,45.044],[9.891,45.131],[9.549,45.133],[9.2,44.686],[8.548,45.168],[8.514,45.313],[8.843,45.394],[8.707,45.558],[8.594,45.828],[8.714,46.097],[8.912,45.83],[9.159,46.17],[9.249,46.234],[9.369,46.477],[10.008,46.333],[10.171,46.584],[10.453,46.531],[10.622,46.448],[10.516,46.343]]]]}},{"type":"Feature","properties":{"id":"ITF1","name":"Abruzzo"},"geometry":{"type":"MultiPolygon","coordinates":[[[[14.78,42.07],[14.485,41.76],[14.23,41.877],[13.941,41.688],[13.582,41.762],[13.296,41.949],[13.031,42.115],[13.175,42.22],[13.22,42.317],[13.19,42.525],[13.394,42.591],[13.358,42.694],[13.916,42.894],[14.063,42.618],[14.146,42.531],[14.254,42.445],[14.433,42.317],[14.78,42.07]]]]}},{"type":"Feature","properties":{"id":"ITF2","name":"Molise"},"geometry":{"type":"MultiPolygon","coordinates":[[[[15.138,41.927],[15.008,41.486],[14.505,41.383],[14.383,41.443],[13.978,41.462],[13.941,41.688],[14.23,41.877],[14.485,41.76],[14.78,42.07],[15.138,41.927]]]]}},{"type":"Feature","properties":{"id":"ITF3","name":"Campania"},"geometry":{"type":"MultiPolygon","coordinates":[[[[15.008,41.486],[15.149,41.28],[15.543,41.056],[15.335,40.835],[15.743,40.283],[15.645,40.043],[15.145,40.131],[14.78,40.616],[14.482,40.643],[14.032,40.899],[13.762,41.223],[13.874,41.338],[13.978,41.462],[14.383,41.443],[14.505,41.383],[15.008,41.486]]]]}},{"type":"Feature","properties":{"id":"ITF4","name":"Puglia"},"geometry":{"type":"MultiPolygon","coordinates":[[[[16.542,41.229],[17.389,40.892],[18.097,40.515],[18.46,40.194],[18.347,39.856],[17.763,40.295],[16.867,40.398],[16.725,40.714],[16.244,40.838],[16.203,40.918],[15.87,41.14],[15.543,41.056],[15.149,41.28],[15.008,41.486],[15.138,41.927],[16.078,41.893],[16.025,41.426],[16.542,41.229]]]]}},{"type":"Feature","properties":{"id":"ITF5","name":"Basilicata"},"geometry":{"type":"MultiPolygon","coordinates":[[[[16.399,40.055],[15.756,39.923],[15.645,40.043],[15.743,40.283],[15.335,40.835],[15.543,41.056],[15.87,41.14],[16.203,40.918],[16.244,40.838],[16.725,40.714],[16.867,40.398],[16.644,40.119],[16.399,40.055]]]]}},{"type":"Feature","properties":{"id":"ITF6","name":"Calabria"},"geometry":{"type":"MultiPolygon","coordinates":[[[[16.582,38.47],[15.829,37.931],[15.654,38.144],[15.919,38.507],[15.898,38.644],[16.214,38.81],[16.093,39.049],[15.804,39.746],[15.756,39.923],[16.399,40.055],[16.644,40.119],[16.496,39.746],[17.025,39.484],[17.11,39.049],[16.891,38.927],[16.589,38.703],[16.582,38.47]]]]}},{"type":"Feature","properties":{"id":"ITG1","name":"Sicilia"},"geometry":{"type":"MultiPolygon","coordinates":[[[[15.489,38.23],[15.258,37.807],[15.091,37.358],[15.239,37.05],[15.094,36.764],[15.0,36.703],[14.587,36.762],[14.43,36.889],[14.338,37.002],[14.036,37.106],[13.582,37.261],[12.896,37.577],[12.606,37.639],[12.469,37.877],[12.66,38.078],[12.977,38.04],[13.263,38.197],[13.582,38.033],[14.183,38.019],[15.489,38.23]]],[[[13.076,35.794],[12.788,35.742],[12.594,35.911],[12.943,36.006],[13.076,35.794]]]]}},{"type":"Feature","properties":{"id":"ITG2","name":"Sardegna"},"geometry":{"type":"MultiPolygon","coordinates":[[[[9.582,39.23],[9.442,39.127],[9.13,39.169],[8.911,38.916],[8.403,39.122],[8.516,39.746],[8.4,40.408],[8.201,40.632],[8.255,40.814],[9.293,41.258],[9.565,41.103],[9.749,40.658],[9.674,39.746],[9.651,39.549],[9.582,39.23]]]]}},{"type":"Feature","properties":{"id":"ITH1","name":"Provincia Autonoma di Bolzano/Bozen"},"geometry":{"type":"MultiPolygon","coordinates":[[[[11.828,46.509],[11.307,46.292],[11.078,46.488],[10.622,46.448],[10.453,46.531],[10.47,46.855],[10.973,46.806],[11.164,46.966],[11.627,47.013],[12.136,47.081],[12.241,47.069],[12.212,46.897],[12.478,46.68],[11.828,46.509]]]]}},{"type":"Feature","properties":{"id":"ITH2","name":"Provincia Autonoma di Trento"},"geometry":{"type":"MultiPolygon","coordinates":[[[[10.84,45.833],[10.514,45.881],[10.516,46.343],[10.622,46.448],[11.078,46.488],[11.307,46.292],[11.828,46.509],[11.887,46.2],[11.684,45.984],[11.138,45.697],[10.84,45.833]]]]}},{"type":"Feature","properties":{"id":"ITH3","name":"Veneto"},"geometry":{"type":"MultiPolygon","coordinates":[[[[12.401,46.042],[12.662,45.792],[12.979,45.834],[13.099,45.645],[12.443,45.359],[12.331,45.161],[12.399,44.793],[12.149,44.947],[11.427,44.95],[11.206,45.109],[10.627,45.385],[10.84,45.833],[11.138,45.697],[11.684,45.984],[11.887,46.2],[11.828,46.509],[12.478,46.68],[12.691,46.657],[12.731,46.634],[12.499,46.412],[12.401,46.042]]]]}},{"type":"Feature","properties":{"id":"ITH4","name":"Friuli-Venezia Giulia"},"geometry":{"type":"MultiPolygon","coordinates":[[[[13.611,45.904],[13.597,45.819],[13.596,45.808],[13.708,45.775],[13.899,45.643],[13.869,45.609],[13.735,45.596],[13.723,45.595],[13.58,45.787],[13.351,45.736],[13.099,45.645],[12.979,45.834],[12.662,45.792],[12.401,46.042],[12.499,46.412],[12.731,46.634],[13.156,46.588],[13.504,46.566],[13.714,46.523],[13.684,46.437],[13.403,46.3],[13.634,46.192],[13.664,46.17],[13.53,46.067],[13.497,46.051],[13.621,45.985],[13.637,45.938],[13.611,45.904]]]]}},{"type":"Feature","properties":{"id":"ITH5","name":"Emilia-Romagna"},"geometry":{"type":"MultiPolygon","coordinates":[[[[10.504,44.922],[10.888,44.914],[11.246,44.951],[11.427,44.95],[12.149,44.947],[12.399,44.793],[12.27,44.63],[12.384,44.225],[12.45,44.162],[12.751,43.971],[12.284,43.765],[12.107,43.754],[11.71,43.877],[11.716,44.123],[11.525,44.158],[11.202,44.101],[11.049,44.09],[10.815,44.116],[10.624,44.12],[10.47,44.226],[10.254,44.269],[10.142,44.354],[9.687,44.366],[9.479,44.409],[9.493,44.556],[9.203,44.613],[9.2,44.686],[9.549,45.133],[9.891,45.131],[10.084,45.044],[10.464,44.937],[10.504,44.922]],[[12.295,43.967],[12.474,43.919],[12.532,43.945],[12.471,43.978],[12.295,43.967]]]]}},{"type":"Feature","properties":{"id":"ITI1","name":"Toscana"},"geometry":{"type":"MultiPolygon","coordinates":[[[[10.815,44.116],[11.049,44.09],[11.202,44.101],[11.525,44.158],[11.716,44.123],[11.71,43.877],[12.107,43.754],[12.284,43.765],[12.214,43.611],[11.961,43.167],[11.933,42.869],[11.895,42.835],[11.746,42.786],[11.743,42.618],[11.607,42.566],[11.45,42.378],[11.085,42.618],[10.706,42.942],[10.3,43.582],[10.258,43.815],[10.143,43.975],[10.019,44.045],[9.687,44.366],[10.142,44.354],[10.254,44.269],[10.47,44.226],[10.624,44.12],[10.815,44.116]]]]}},{"type":"Feature","properties":{"id":"ITI2","name":"Umbria"},"geometry":{"type":"MultiPolygon","coordinates":[[[[12.891,42.618],[12.588,42.398],[12.445,42.399],[12.235,42.618],[11.895,42.835],[11.933,42.869],[11.961,43.167],[12.214,43.611],[12.767,43.46],[12.862,43.211],[12.975,42.962],[13.235,42.868],[13.189,42.734],[12.891,42.618]]]]}},{"type":"Feature","properties":{"id":"ITI3","name":"Marche"},"geometry":{"type":"MultiPolygon","coordinates":[[[[13.916,42.894],[13.358,42.694],[13.189,42.734],[13.235,42.868],[12.975,42.962],[12.862,43.211],[12.767,43.46],[12.214,43.611],[12.284,43.765],[12.751,43.971],[13.173,43.75],[13.642,43.474],[13.743,43.294],[13.849,43.067],[13.916,42.894]]]]}},{"type":"Feature","properties":{"id":"ITI4","name":"Lazio"},"geometry":{"type":"MultiPolygon","coordinates":[[[[12.445,42.399],[12.588,42.398],[12.891,42.618],[13.189,42.734],[13.358,42.694],[13.394,42.591],[13.19,42.525],[13.22,42.317],[13.175,42.22],[13.031,42.115],[13.296,41.949],[13.582,41.762],[13.941,41.688],[13.978,41.462],[13.874,41.338],[13.762,41.223],[12.773,41.416],[11.734,42.158],[11.45,42.378],[11.607,42.566],[11.743,42.618],[11.746,42.786],[11.895,42.835],[12.235,42.618],[12.445,42.399]],[[12.258,41.915],[12.586,41.776],[12.79,41.905],[12.536,42.05],[12.258,41.915]]]]}},{"type":"Feature","properties":{"id":"LT01","name":"Sostin\u0117s regionas"},"geometry":{"type":"MultiPolygon","coordinates":[[[[25.222,55.042],[25.527,55.041],[25.734,55.305],[25.865,55.303],[26.74,55.263],[26.209,54.997],[25.752,54.823],[25.638,54.477],[25.66,54.191],[24.836,54.149],[25.019,54.442],[24.493,54.437],[24.414,54.533],[24.457,54.631],[24.471,54.642],[24.595,54.799],[24.81,54.887],[24.554,54.99],[24.591,55.087],[24.391,55.296],[24.43,55.391],[24.655,55.518],[25.074,55.313],[25.17,55.152],[25.222,55.042]]]]}},{"type":"Feature","properties":{"id":"LT02","name":"Vidurio ir vakar\u0173 Lietuvos regionas "},"geometry":{"type":"MultiPolygon","coordinates":[[[[25.017,56.284],[25.171,56.174],[25.821,56.052],[26.046,55.944],[26.63,55.681],[26.632,55.608],[26.74,55.263],[25.865,55.303],[25.734,55.305],[25.527,55.041],[25.222,55.042],[25.17,55.152],[25.074,55.313],[24.655,55.518],[24.43,55.391],[24.391,55.296],[24.591,55.087],[24.554,54.99],[24.81,54.887],[24.595,54.799],[24.471,54.642],[24.457,54.631],[24.414,54.533],[24.493,54.437],[25.019,54.442],[24.836,54.149],[24.391,53.903],[24.202,53.97],[23.834,53.953],[23.515,53.957],[23.321,54.253],[23.002,54.384],[22.792,54.363],[22.85,54.772],[22.589,55.07],[22.277,55.064],[22.051,55.043],[21.651,55.18],[21.272,55.245],[21.251,55.466],[21.158,55.634],[21.152,55.639],[21.144,55.66],[21.147,55.661],[21.16,55.647],[21.164,55.648],[21.157,55.659],[21.149,55.663],[21.139,55.688],[21.124,55.706],[21.123,55.71],[21.107,55.72],[21.086,55.729],[21.085,55.739],[21.075,55.774],[21.058,55.855],[21.065,56.069],[21.123,56.077],[21.227,56.146],[21.978,56.385],[22.636,56.368],[22.921,56.399],[23.093,56.305],[23.331,56.374],[23.962,56.33],[24.048,56.284],[24.541,56.284],[24.645,56.372],[24.891,56.442],[25.017,56.284]]],[[[20.97,55.282],[20.983,55.28],[20.985,55.279],[20.985,55.279],[20.955,55.281],[20.955,55.282],[20.955,55.282],[20.955,55.282],[20.955,55.282],[20.955,55.282],[20.955,55.282],[20.955,55.282],[20.955,55.282],[20.958,55.282],[20.97,55.282]]]]}},{"type":"Feature","properties":{"id":"LU00","name":"Luxembourg"},"geometry":{"type":"MultiPolygon","coordinates":[[[[6.025,50.183],[6.138,50.13],[6.136,50.015],[6.475,49.821],[6.38,49.551],[6.367,49.47],[5.893,49.497],[5.818,49.546],[5.746,49.854],[6.025,50.183]]]]}},{"type":"Feature","properties":{"id":"LV00","name":"Latvija"},"geometry":{"type":"MultiPolygon","coordinates":[[[[25.437,58.02],[26.456,57.551],[27.352,57.518],[27.691,57.371],[27.782,56.895],[28.237,56.284],[28.155,56.17],[27.547,55.818],[26.63,55.681],[26.046,55.944],[25.821,56.052],[25.171,56.174],[25.017,56.284],[24.891,56.442],[24.645,56.372],[24.541,56.284],[24.048,56.284],[23.962,56.33],[23.331,56.374],[23.093,56.305],[22.921,56.399],[22.636,56.368],[21.978,56.385],[21.227,56.146],[21.123,56.077],[21.065,56.069],[21.104,56.79],[21.811,57.573],[22.547,57.72],[23.553,56.98],[24.391,57.184],[24.353,57.876],[24.391,57.873],[25.046,58.04],[25.437,58.02]]]]}},{"type":"Feature","properties":{"id":"ME00","name":"Crna Gora"},"geometry":{"type":"MultiPolygon","coordinates":[[[[18.525,42.421],[18.438,42.556],[18.722,43.208],[19.224,43.527],[20.064,43.007],[20.353,42.833],[20.088,42.578],[20.076,42.556],[19.831,42.466],[19.651,42.523],[19.387,42.306],[19.317,42.192],[19.387,42.082],[19.387,41.85],[19.373,41.844],[18.677,42.317],[18.525,42.421]]]]}},{"type":"Feature","properties":{"id":"SE33","name":"\u00d6vre Norrland"},"geometry":{"type":"MultiPolygon","coordinates":[[[[21.913,68.642],[23.007,68.307],[23.477,67.993],[23.528,67.544],[23.742,67.306],[23.624,67.142],[23.902,66.765],[23.701,66.335],[24.081,65.938],[24.155,65.816],[24.062,65.638],[23.389,65.745],[21.913,65.312],[21.544,65.063],[21.291,64.817],[21.442,64.396],[20.786,63.924],[20.493,63.727],[19.734,63.452],[19.286,63.47],[18.782,63.799],[17.657,63.924],[16.719,64.028],[15.368,64.586],[14.326,65.119],[14.578,65.934],[14.617,66.123],[15.454,66.345],[16.27,67.045],[16.327,67.551],[16.879,67.938],[17.924,68.073],[18.126,68.537],[18.558,68.53],[19.936,68.39],[20.335,69.016],[20.549,69.06],[21.913,68.642]]]]}},{"type":"Feature","properties":{"id":"SI03","name":"Vzhodna Slovenija"},"geometry":{"type":"MultiPolygon","coordinates":[[[[16.114,46.869],[16.135,46.856],[16.175,46.857],[16.298,46.866],[16.301,46.861],[16.317,46.856],[16.329,46.846],[16.337,46.846],[16.343,46.843],[16.347,46.84],[16.35,46.831],[16.345,46.829],[16.34,46.82],[16.34,46.804],[16.328,46.801],[16.313,46.798],[16.312,46.778],[16.371,46.722],[16.369,46.704],[16.416,46.689],[16.393,46.662],[16.39,46.638],[16.597,46.476],[16.344,46.541],[16.313,46.524],[16.252,46.5],[16.242,46.49],[16.271,46.432],[16.302,46.378],[16.269,46.377],[16.265,46.376],[16.256,46.378],[16.239,46.38],[16.23,46.387],[16.226,46.386],[16.221,46.38],[16.215,46.384],[16.209,46.384],[16.058,46.394],[16.056,46.39],[16.035,46.336],[15.972,46.307],[15.913,46.29],[15.873,46.279],[15.867,46.276],[15.791,46.259],[15.675,46.227],[15.636,46.186],[15.627,46.086],[15.72,46.055],[15.706,45.975],[15.538,45.842],[15.479,45.827],[15.404,45.793],[15.331,45.763],[15.317,45.76],[15.26,45.726],[15.297,45.586],[15.226,45.427],[15.057,45.492],[14.962,45.511],[14.787,45.501],[14.689,45.581],[14.57,45.672],[14.503,45.58],[14.367,45.488],[14.118,45.481],[14.097,45.616],[14.097,45.625],[14.099,45.716],[14.042,45.761],[14.05,45.837],[14.13,45.869],[14.279,45.847],[14.3,45.887],[14.373,45.878],[14.419,45.872],[14.491,45.882],[14.506,45.842],[14.565,45.791],[14.585,45.794],[14.688,45.819],[14.819,45.73],[14.826,45.756],[14.805,45.798],[14.876,45.87],[14.925,45.963],[14.949,45.978],[14.746,46.068],[14.712,46.078],[14.752,46.098],[14.835,46.135],[14.827,46.159],[14.898,46.206],[14.909,46.208],[14.885,46.237],[14.854,46.25],[14.705,46.285],[14.638,46.364],[14.565,46.368],[14.565,46.372],[14.675,46.451],[14.819,46.509],[14.828,46.548],[14.884,46.612],[14.922,46.608],[15.065,46.652],[15.082,46.645],[15.16,46.657],[15.336,46.653],[15.402,46.654],[15.52,46.622],[15.542,46.63],[15.623,46.68],[15.752,46.698],[15.786,46.707],[15.96,46.687],[16.033,46.658],[16.038,46.656],[16.04,46.691],[15.989,46.775],[15.996,46.835],[16.058,46.839],[16.114,46.869]]]]}},{"type":"Feature","properties":{"id":"SI04","name":"Zahodna Slovenija"},"geometry":{"type":"MultiPolygon","coordinates":[[[[14.153,46.437],[14.237,46.432],[14.435,46.443],[14.442,46.424],[14.565,46.372],[14.565,46.368],[14.638,46.364],[14.705,46.285],[14.854,46.25],[14.885,46.237],[14.909,46.208],[14.898,46.206],[14.827,46.159],[14.835,46.135],[14.752,46.098],[14.712,46.078],[14.746,46.068],[14.949,45.978],[14.925,45.963],[14.876,45.87],[14.805,45.798],[14.826,45.756],[14.819,45.73],[14.688,45.819],[14.585,45.794],[14.565,45.791],[14.506,45.842],[14.491,45.882],[14.419,45.872],[14.373,45.878],[14.3,45.887],[14.279,45.847],[14.13,45.869],[14.05,45.837],[14.042,45.761],[14.099,45.716],[14.097,45.625],[14.097,45.616],[14.118,45.481],[14.111,45.482],[14.002,45.52],[13.67,45.446],[13.586,45.479],[13.616,45.54],[13.693,45.548],[13.741,45.558],[13.736,45.562],[13.743,45.566],[13.743,45.57],[13.72,45.583],[13.709,45.589],[13.72,45.594],[13.723,45.595],[13.723,45.595],[13.735,45.596],[13.869,45.609],[13.899,45.643],[13.708,45.775],[13.596,45.808],[13.597,45.819],[13.611,45.904],[13.637,45.938],[13.621,45.985],[13.497,46.051],[13.53,46.067],[13.664,46.17],[13.634,46.192],[13.403,46.3],[13.684,46.437],[13.714,46.523],[14.007,46.481],[14.153,46.437]]]]}},{"type":"Feature","properties":{"id":"SK01","name":"Bratislavsk\u00fd kraj"},"geometry":{"type":"MultiPolygon","coordinates":[[[[16.976,48.172],[16.851,48.439],[16.95,48.536],[17.342,48.482],[17.432,48.235],[17.31,48.104],[17.247,48.012],[17.161,48.007],[17.067,48.119],[16.976,48.172]]]]}},{"type":"Feature","properties":{"id":"SK02","name":"Z\u00e1padn\u00e9 Slovensko"},"geometry":{"type":"MultiPolygon","coordinates":[[[[18.849,47.817],[17.894,47.739],[17.705,47.759],[17.247,48.012],[17.31,48.104],[17.432,48.235],[17.342,48.482],[16.95,48.536],[16.94,48.617],[17.397,48.813],[17.647,48.854],[18.322,49.315],[18.826,48.744],[18.479,48.549],[18.782,48.379],[19.014,48.078],[18.928,48.057],[18.849,47.817]]]]}},{"type":"Feature","properties":{"id":"SK03","name":"Stredn\u00e9 Slovensko"},"geometry":{"type":"MultiPolygon","coordinates":[[[[19.467,49.614],[19.884,49.204],[19.992,48.907],[20.267,48.874],[20.464,48.464],[20.052,48.168],[19.014,48.078],[18.782,48.379],[18.479,48.549],[18.826,48.744],[18.322,49.315],[18.404,49.397],[18.852,49.517],[19.135,49.422],[19.467,49.614]]]]}},{"type":"Feature","properties":{"id":"SK04","name":"V\u00fdchodn\u00e9 Slovensko"},"geometry":{"type":"MultiPolygon","coordinates":[[[[22.383,48.862],[22.155,48.403],[22.121,48.378],[21.388,48.55],[20.464,48.464],[20.267,48.874],[19.992,48.907],[19.884,49.204],[20.615,49.418],[21.398,49.434],[22.567,49.088],[22.383,48.862]]]]}},{"type":"Feature","properties":{"id":"TR10","name":"\u0130stanbul"},"geometry":{"type":"MultiPolygon","coordinates":[[[[29.069,41.122],[28.87,40.972],[28.162,41.009],[28.013,41.034],[28.077,41.306],[28.155,41.578],[28.155,41.58],[28.173,41.569],[28.3,41.487],[28.806,41.303],[28.941,41.274],[29.046,41.233],[29.12,41.225],[29.107,41.208],[29.04,41.155],[29.069,41.122]]],[[[29.169,41.22],[29.866,41.143],[29.887,41.145],[29.918,41.142],[29.34,40.811],[29.333,40.812],[28.977,40.966],[28.968,40.966],[29.103,41.119],[29.08,41.146],[29.151,41.213],[29.169,41.22]]]]}},{"type":"Feature","properties":{"id":"TR21","name":"Tekirda\u011f, Edirne, K\u0131rklareli"},"geometry":{"type":"MultiPolygon","coordinates":[[[[27.213,42.059],[27.814,41.945],[27.902,41.96],[27.967,41.946],[28.063,41.708],[28.144,41.591],[28.152,41.583],[28.155,41.58],[28.155,41.578],[28.077,41.306],[28.013,41.034],[27.892,41.007],[27.786,40.984],[27.51,40.923],[27.257,40.705],[27.019,40.58],[26.944,40.552],[26.901,40.549],[26.805,40.727],[26.727,40.644],[26.726,40.643],[26.603,40.638],[26.118,40.622],[26.075,40.715],[26.084,40.724],[26.033,40.73],[26.301,40.944],[26.308,40.957],[26.489,41.306],[26.522,41.374],[26.571,41.475],[26.358,41.711],[26.562,41.926],[26.657,41.945],[26.674,41.958],[26.851,41.981],[26.949,42.0],[27.06,42.088],[27.213,42.059]]]]}},{"type":"Feature","properties":{"id":"TR22","name":"Bal\u0131kesir, \u00c7anakkale"},"geometry":{"type":"MultiPolygon","coordinates":[[[[28.179,40.397],[28.214,40.012],[28.726,39.729],[28.823,39.628],[28.998,39.599],[28.632,39.168],[27.4,39.371],[26.769,39.167],[26.764,39.181],[26.663,39.537],[26.659,39.552],[26.596,39.546],[26.152,39.503],[26.152,39.513],[26.154,39.729],[26.142,39.741],[26.04,39.854],[26.226,40.135],[26.282,40.29],[26.298,40.335],[26.447,40.403],[26.494,40.425],[27.506,40.305],[27.507,40.307],[27.517,40.303],[27.585,40.587],[28.131,40.413],[28.179,40.397],[28.179,40.397]]],[[[25.842,40.066],[25.705,40.042],[25.542,40.117],[25.64,40.16],[25.922,40.283],[26.062,40.183],[26.149,40.121],[25.97,40.089],[25.842,40.066]]],[[[26.901,40.549],[26.879,40.548],[26.809,40.641],[26.735,40.643],[26.727,40.644],[26.805,40.727],[26.901,40.549]]]]}},{"type":"Feature","properties":{"id":"TR31","name":"\u0130zmir"},"geometry":{"type":"MultiPolygon","coordinates":[[[[26.769,39.167],[27.4,39.371],[27.435,38.994],[27.24,38.631],[28.485,38.123],[27.262,37.862],[27.247,37.859],[27.014,37.988],[26.428,38.311],[26.473,38.547],[26.476,38.561],[26.71,38.594],[26.596,38.908],[26.765,39.162],[26.769,39.167]]]]}},{"type":"Feature","properties":{"id":"TR32","name":"Ayd\u0131n, Denizli, Mu\u011fla"},"geometry":{"type":"MultiPolygon","coordinates":[[[[30.083,38.216],[29.749,37.948],[29.897,37.777],[29.517,37.508],[29.345,36.926],[29.759,36.963],[29.724,36.815],[29.489,36.478],[29.345,36.433],[29.269,36.304],[29.262,36.293],[29.038,36.597],[28.79,36.682],[28.143,36.751],[28.035,36.901],[27.989,37.002],[27.781,36.997],[27.37,37.016],[27.389,37.116],[27.424,37.29],[27.383,37.354],[27.353,37.383],[27.24,37.491],[27.134,37.592],[27.247,37.859],[27.262,37.862],[28.485,38.123],[28.639,38.091],[28.847,38.216],[29.814,38.474],[29.974,38.397],[30.083,38.216]]]]}},{"type":"Feature","properties":{"id":"TR33","name":"Manisa, Afyonkarahisar, K\u00fctahya, U\u015fak"},"geometry":{"type":"MultiPolygon","coordinates":[[[[30.464,39.214],[31.592,39.043],[31.238,38.383],[30.801,38.366],[30.724,38.283],[30.577,38.216],[30.093,37.799],[29.897,37.777],[29.749,37.948],[30.083,38.216],[29.974,38.397],[29.814,38.474],[28.847,38.216],[28.639,38.091],[28.485,38.123],[27.24,38.631],[27.435,38.994],[27.4,39.371],[28.632,39.168],[28.998,39.599],[29.279,39.729],[29.513,39.863],[29.76,39.868],[29.762,39.729],[30.032,39.665],[30.239,39.612],[30.464,39.214]]]]}},{"type":"Feature","properties":{"id":"TR41","name":"Bursa, Eski\u015fehir, Bilecik"},"geometry":{"type":"MultiPolygon","coordinates":[[[[29.967,40.551],[30.588,40.286],[30.662,40.168],[30.836,40.098],[31.723,39.966],[31.803,39.834],[31.765,39.722],[31.971,39.453],[31.844,39.142],[31.592,39.043],[30.464,39.214],[30.239,39.612],[30.032,39.665],[29.762,39.729],[29.76,39.868],[29.513,39.863],[29.279,39.729],[28.998,39.599],[28.823,39.628],[28.726,39.729],[28.214,40.012],[28.179,40.397],[28.179,40.397],[28.184,40.397],[28.888,40.383],[29.011,40.47],[29.497,40.527],[29.905,40.53],[29.967,40.551]]]]}},{"type":"Feature","properties":{"id":"TR42","name":"Kocaeli, Sakarya, D\u00fczce, Bolu, Yalova"},"geometry":{"type":"MultiPolygon","coordinates":[[[[30.479,41.149],[30.968,41.075],[30.968,41.075],[31.279,41.114],[31.293,41.116],[31.854,41.008],[31.981,41.046],[32.592,40.819],[32.565,40.743],[31.896,40.367],[31.229,40.333],[30.836,40.098],[30.662,40.168],[30.588,40.286],[29.967,40.551],[29.905,40.53],[29.497,40.527],[29.011,40.47],[28.973,40.482],[28.898,40.546],[28.912,40.558],[29.263,40.662],[29.49,40.693],[29.558,40.687],[29.536,40.699],[29.394,40.78],[29.34,40.811],[29.918,41.142],[30.367,41.179],[30.479,41.149]]]]}},{"type":"Feature","properties":{"id":"TR51","name":"Ankara"},"geometry":{"type":"MultiPolygon","coordinates":[[[[31.844,39.142],[31.971,39.453],[31.765,39.722],[31.803,39.834],[31.723,39.966],[30.836,40.098],[31.229,40.333],[31.896,40.367],[32.565,40.743],[33.648,40.295],[33.264,39.722],[33.422,39.397],[33.885,39.028],[33.735,38.946],[33.657,38.746],[33.324,38.662],[33.336,38.965],[33.056,39.203],[32.436,39.027],[31.844,39.142]]]]}},{"type":"Feature","properties":{"id":"TR52","name":"Konya, Karaman"},"geometry":{"type":"MultiPolygon","coordinates":[[[[33.056,39.203],[33.336,38.965],[33.324,38.662],[33.294,38.092],[34.061,38.061],[34.306,37.508],[34.437,37.331],[34.259,37.247],[33.169,36.9],[32.964,36.565],[32.559,36.517],[32.524,36.767],[31.803,37.299],[31.319,37.411],[31.464,37.991],[31.238,38.383],[31.592,39.043],[31.844,39.142],[32.436,39.027],[33.056,39.203]]]]}},{"type":"Feature","properties":{"id":"TR61","name":"Antalya, Isparta, Burdur"},"geometry":{"type":"MultiPolygon","coordinates":[[[[31.803,37.299],[32.524,36.767],[32.559,36.517],[32.562,36.101],[31.385,36.767],[30.801,36.847],[30.59,36.815],[30.558,36.669],[30.176,36.266],[29.269,36.304],[29.345,36.433],[29.489,36.478],[29.724,36.815],[29.759,36.963],[29.345,36.926],[29.517,37.508],[29.897,37.777],[30.093,37.799],[30.577,38.216],[30.724,38.283],[30.801,38.366],[31.238,38.383],[31.464,37.991],[31.319,37.411],[31.803,37.299]]]]}},{"type":"Feature","properties":{"id":"TR62","name":"Adana, Mersin"},"geometry":{"type":"MultiPolygon","coordinates":[[[[35.963,36.901],[35.454,36.562],[34.872,36.767],[33.54,36.157],[32.562,36.101],[32.559,36.517],[32.964,36.565],[33.169,36.9],[34.259,37.247],[34.437,37.331],[34.775,37.421],[34.846,37.508],[34.915,37.647],[35.311,37.718],[36.093,38.256],[36.41,38.263],[36.261,37.75],[36.028,37.611],[35.919,37.348],[36.058,37.008],[36.007,36.931],[35.963,36.901]]]]}},{"type":"Feature","properties":{"id":"TR63","name":"Hatay, Kahramanmara\u015f, Osmaniye"},"geometry":{"type":"MultiPolygon","coordinates":[[[[37.409,37.348],[37.04,37.203],[36.911,37.305],[36.693,37.216],[36.443,36.933],[36.665,36.827],[36.658,36.315],[36.164,35.819],[35.917,35.928],[35.917,35.928],[35.839,36.301],[36.042,36.511],[36.132,36.648],[36.02,36.901],[36.007,36.931],[36.058,37.008],[35.919,37.348],[36.028,37.611],[36.261,37.75],[36.41,38.263],[36.78,38.537],[37.317,38.578],[37.686,38.238],[37.616,37.944],[37.502,37.746],[37.604,37.483],[37.409,37.348]]]]}},{"type":"Feature","properties":{"id":"TR71","name":"K\u0131r\u0131kkale, Aksaray, Ni\u011fde, Nev\u015fehir, K\u0131r\u015fehir"},"geometry":{"type":"MultiPolygon","coordinates":[[[[34.775,37.421],[34.437,37.331],[34.306,37.508],[34.061,38.061],[33.294,38.092],[33.324,38.662],[33.657,38.746],[33.735,38.946],[33.885,39.028],[33.422,39.397],[33.264,39.722],[33.648,40.295],[33.959,40.25],[34.208,39.972],[34.114,39.792],[34.671,39.384],[35.044,39.034],[35.056,38.61],[34.878,38.367],[35.179,38.116],[35.311,37.718],[34.915,37.647],[34.846,37.508],[34.775,37.421]]]]}},{"type":"Feature","properties":{"id":"TR72","name":"Kayseri, Sivas, Yozgat"},"geometry":{"type":"MultiPolygon","coordinates":[[[[38.772,40.067],[38.298,39.633],[38.315,39.146],[37.543,38.972],[37.317,38.578],[36.78,38.537],[36.41,38.263],[36.093,38.256],[35.311,37.718],[35.179,38.116],[34.878,38.367],[35.056,38.61],[35.044,39.034],[34.671,39.384],[34.114,39.792],[34.208,39.972],[34.98,40.035],[35.34,40.255],[35.445,40.251],[35.988,39.923],[37.578,40.39],[38.1,40.52],[38.152,40.342],[38.772,40.067]]]]}},{"type":"Feature","properties":{"id":"TR81","name":"Zonguldak, Karab\u00fck, Bart\u0131n"},"geometry":{"type":"MultiPolygon","coordinates":[[[[33.094,41.059],[32.592,40.819],[31.981,41.046],[31.854,41.008],[31.293,41.116],[31.293,41.116],[31.393,41.306],[32.043,41.569],[32.095,41.59],[32.758,41.849],[32.875,41.576],[33.094,41.059]]]]}},{"type":"Feature","properties":{"id":"TR82","name":"Kastamonu, \u00c7ank\u0131r\u0131, Sinop"},"geometry":{"type":"MultiPolygon","coordinates":[[[[34.963,42.03],[35.339,41.701],[35.378,41.319],[34.879,41.257],[34.483,41.351],[34.078,40.813],[34.122,40.527],[33.959,40.25],[33.648,40.295],[32.565,40.743],[32.592,40.819],[33.094,41.059],[32.875,41.576],[32.758,41.849],[33.399,42.001],[34.228,41.955],[34.255,41.958],[34.956,42.036],[34.963,42.03]]]]}},{"type":"Feature","properties":{"id":"TR83","name":"Samsun, Tokat, \u00c7orum, Amasya"},"geometry":{"type":"MultiPolygon","coordinates":[[[[35.427,41.699],[35.514,41.636],[35.92,41.69],[35.937,41.689],[36.108,41.527],[36.214,41.385],[36.29,41.355],[36.368,41.324],[36.521,41.264],[36.76,41.333],[36.81,41.334],[36.848,41.314],[37.17,41.148],[37.167,41.146],[36.975,41.03],[36.682,40.887],[37.578,40.39],[35.988,39.923],[35.445,40.251],[35.34,40.255],[34.98,40.035],[34.208,39.972],[33.959,40.25],[34.122,40.527],[34.078,40.813],[34.483,41.351],[34.879,41.257],[35.378,41.319],[35.339,41.701],[35.427,41.699]]]]}},{"type":"Feature","properties":{"id":"TR90","name":"Trabzon, Ordu, Giresun, Rize, Artvin, G\u00fcm\u00fc\u015fhane"},"geometry":{"type":"MultiPolygon","coordinates":[[[[42.52,41.437],[42.369,40.973],[41.473,40.659],[41.129,40.826],[40.574,40.555],[40.476,40.528],[40.103,40.541],[39.825,40.342],[39.798,39.927],[38.954,40.059],[38.772,40.067],[38.152,40.342],[38.1,40.52],[37.578,40.39],[36.682,40.887],[36.975,41.03],[37.167,41.146],[37.17,41.148],[38.112,40.959],[38.116,40.958],[38.905,41.03],[39.181,41.074],[39.56,41.046],[40.33,40.988],[41.246,41.328],[41.252,41.33],[41.547,41.52],[41.558,41.52],[41.861,41.494],[42.501,41.44],[42.52,41.437]]]]}},{"type":"Feature","properties":{"id":"TRA1","name":"Erzurum, Erzincan, Bayburt"},"geometry":{"type":"MultiPolygon","coordinates":[[[[42.369,40.973],[42.602,40.629],[42.125,40.342],[42.557,39.935],[42.373,39.85],[42.42,39.535],[41.741,39.195],[41.168,39.372],[40.634,39.528],[40.404,39.565],[39.204,39.44],[38.766,39.012],[38.678,39.042],[38.315,39.146],[38.298,39.633],[38.772,40.067],[38.954,40.059],[39.798,39.927],[39.825,40.342],[40.103,40.541],[40.476,40.528],[40.574,40.555],[41.129,40.826],[41.473,40.659],[42.369,40.973]]]]}},{"type":"Feature","properties":{"id":"TRA2","name":"A\u011fr\u0131, Kars, I\u011fd\u0131r, Ardahan"},"geometry":{"type":"MultiPolygon","coordinates":[[[[43.001,39.019],[42.705,38.946],[42.42,39.535],[42.373,39.85],[42.557,39.935],[42.125,40.342],[42.602,40.629],[42.369,40.973],[42.52,41.437],[42.837,41.541],[42.913,41.491],[43.468,41.033],[43.649,40.131],[44.38,39.992],[44.4,39.989],[44.433,39.954],[44.55,39.833],[44.473,39.694],[44.467,39.684],[44.379,39.443],[44.052,39.365],[44.038,39.361],[43.265,39.307],[43.001,39.019]]]]}},{"type":"Feature","properties":{"id":"TRB1","name":"Malatya, Elaz\u0131\u011f, Bing\u00f6l, Tunceli"},"geometry":{"type":"MultiPolygon","coordinates":[[[[41.168,39.372],[41.136,38.946],[41.139,38.715],[40.294,38.477],[40.168,38.459],[39.151,38.299],[39.127,38.187],[38.762,38.029],[38.32,38.171],[38.028,37.933],[37.616,37.944],[37.686,38.238],[37.317,38.578],[37.543,38.972],[38.315,39.146],[38.678,39.042],[38.766,39.012],[39.204,39.44],[40.404,39.565],[40.634,39.528],[41.168,39.372]]]]}},{"type":"Feature","properties":{"id":"TRB2","name":"Van, Mu\u015f, Bitlis, Hakkari"},"geometry":{"type":"MultiPolygon","coordinates":[[[[42.42,39.535],[42.705,38.946],[43.001,39.019],[43.265,39.307],[44.038,39.361],[44.179,38.999],[44.2,38.946],[44.204,38.93],[44.382,38.202],[44.393,38.156],[44.291,37.942],[44.285,37.926],[44.463,37.81],[44.784,37.154],[44.385,37.06],[44.353,37.052],[44.231,37.135],[44.074,37.242],[44.019,37.279],[43.791,37.299],[43.236,37.348],[43.499,37.742],[42.885,37.767],[42.684,38.03],[41.647,38.261],[41.487,38.542],[41.367,38.483],[41.139,38.715],[41.136,38.946],[41.168,39.372],[41.741,39.195],[42.42,39.535]]]]}},{"type":"Feature","properties":{"id":"TRC1","name":"Gaziantep, Ad\u0131yaman, Kilis"},"geometry":{"type":"MultiPolygon","coordinates":[[[[39.127,38.187],[39.138,38.018],[38.672,37.595],[38.081,37.448],[37.881,37.348],[38.009,36.888],[38.025,36.83],[37.573,36.706],[37.141,36.66],[36.712,36.827],[36.665,36.827],[36.443,36.933],[36.693,37.216],[36.911,37.305],[37.04,37.203],[37.409,37.348],[37.604,37.483],[37.502,37.746],[37.616,37.944],[38.028,37.933],[38.32,38.171],[38.762,38.029],[39.127,38.187]]]]}},{"type":"Feature","properties":{"id":"TRC2","name":"\u015eanl\u0131urfa, Diyarbak\u0131r"},"geometry":{"type":"MultiPolygon","coordinates":[[[[40.168,37.008],[40.233,36.911],[40.276,36.918],[40.226,36.901],[39.439,36.697],[39.185,36.692],[38.631,36.758],[38.025,36.83],[38.009,36.888],[37.881,37.348],[38.081,37.448],[38.672,37.595],[39.138,38.018],[39.127,38.187],[39.151,38.299],[40.168,38.459],[40.294,38.477],[41.139,38.715],[41.367,38.483],[41.011,37.725],[39.893,37.521],[39.966,37.348],[40.029,37.199],[40.124,37.129],[40.168,37.008]]]]}},{"type":"Feature","properties":{"id":"TRC3","name":"Mardin, Batman, \u015e\u0131rnak, Siirt"},"geometry":{"type":"MultiPolygon","coordinates":[[[[40.276,36.918],[40.233,36.911],[40.168,37.008],[40.124,37.129],[40.029,37.199],[39.966,37.348],[39.893,37.521],[41.011,37.725],[41.367,38.483],[41.487,38.542],[41.647,38.261],[42.684,38.03],[42.885,37.767],[43.499,37.742],[43.236,37.348],[43.107,37.329],[42.658,37.263],[42.216,37.199],[41.791,37.137],[41.665,37.118],[41.553,37.102],[40.276,36.918]]]]}},{"type":"Feature","properties":{"id":"PT1D","name":"Oeste e Vale do Tejo"},"geometry":{"type":"MultiPolygon","coordinates":[[[[-7.825,39.537],[-8.173,39.233],[-8.228,38.987],[-8.547,38.763],[-8.925,38.759],[-8.968,38.828],[-8.93,39.018],[-9.416,39.055],[-9.04,39.741],[-8.903,39.466],[-8.759,39.476],[-8.597,39.733],[-8.285,39.796],[-7.825,39.537]]]]}},{"type":"Feature","properties":{"id":"PT20","name":"Regi\u00e3o Aut\u00f3noma dos A\u00e7ores"},"geometry":{"type":"MultiPolygon","coordinates":[[[[-25.586,37.75],[-25.768,37.683],[-26.021,37.896],[-25.721,38.002],[-25.586,37.75]]],[[[-25.175,37.747],[-25.374,37.715],[-25.523,37.717],[-25.572,37.772],[-25.498,37.839],[-25.282,37.861],[-25.167,37.852],[-25.14,37.805],[-25.175,37.747]]],[[[-28.326,38.415],[-28.424,38.41],[-28.578,38.517],[-28.504,38.557],[-28.397,38.563],[-28.307,38.523],[-28.281,38.467],[-28.326,38.415]]],[[[-28.502,38.562],[-28.695,38.462],[-28.915,38.582],[-28.664,38.686],[-28.502,38.562]]],[[[-26.835,38.756],[-27.076,38.587],[-27.387,38.696],[-27.063,38.852],[-26.835,38.756]]],[[[-31.019,39.448],[-31.219,39.25],[-31.405,39.471],[-31.226,39.627],[-31.019,39.448]]]]}},{"type":"Feature","properties":{"id":"PT30","name":"Regi\u00e3o Aut\u00f3noma da Madeira"},"geometry":{"type":"MultiPolygon","coordinates":[[[[-15.82,30.025],[-16.014,29.859],[-16.246,30.06],[-16.021,30.2],[-15.82,30.025]]],[[[-16.583,32.772],[-16.813,32.609],[-17.136,32.738],[-16.822,32.871],[-16.583,32.772]]]]}},{"type":"Feature","properties":{"id":"RO11","name":"Nord-Vest"},"geometry":{"type":"MultiPolygon","coordinates":[[[[24.562,47.968],[24.922,47.727],[24.947,47.729],[24.961,47.597],[25.063,47.136],[24.494,46.84],[24.18,46.805],[23.985,46.431],[22.812,46.569],[22.677,46.406],[21.441,46.651],[21.659,47.022],[22.128,47.598],[22.181,47.6],[22.874,47.968],[23.27,47.968],[23.493,47.968],[23.957,47.968],[24.562,47.968]]]]}},{"type":"Feature","properties":{"id":"RO12","name":"Centru"},"geometry":{"type":"MultiPolygon","coordinates":[[[[25.975,46.697],[26.263,46.246],[26.44,46.039],[26.392,45.802],[26.093,45.516],[26.073,45.506],[25.453,45.441],[25.322,45.381],[24.685,45.604],[24.523,45.581],[23.704,45.497],[23.597,45.473],[23.145,46.12],[22.749,46.351],[22.677,46.406],[22.812,46.569],[23.985,46.431],[24.18,46.805],[24.494,46.84],[25.063,47.136],[25.247,47.098],[25.662,47.092],[25.975,46.697]]]]}},{"type":"Feature","properties":{"id":"RO21","name":"Nord-Est"},"geometry":{"type":"MultiPolygon","coordinates":[[[[28.235,46.39],[28.116,46.108],[27.503,46.14],[27.493,46.159],[26.44,46.039],[26.263,46.246],[25.975,46.697],[25.662,47.092],[25.247,47.098],[25.063,47.136],[24.961,47.597],[24.947,47.729],[25.404,47.828],[26.099,47.979],[26.53,48.207],[26.631,48.26],[27.028,48.137],[27.175,47.943],[27.284,47.758],[27.391,47.589],[27.401,47.584],[27.584,47.376],[28.037,47.029],[28.11,46.923],[28.114,46.838],[28.245,46.637],[28.235,46.39]]]]}},{"type":"Feature","properties":{"id":"RO22","name":"Sud-Est"},"geometry":{"type":"MultiPolygon","coordinates":[[[[28.211,45.467],[28.556,45.287],[29.321,45.41],[29.675,45.276],[29.68,45.212],[29.509,44.825],[28.994,44.68],[28.677,44.328],[28.639,43.948],[28.579,43.739],[28.154,43.79],[27.952,43.948],[27.695,43.987],[27.271,44.126],[28.017,44.34],[27.881,44.763],[27.34,44.801],[27.203,44.787],[26.606,44.857],[26.073,45.506],[26.093,45.516],[26.392,45.802],[26.44,46.039],[27.493,46.159],[27.503,46.14],[28.116,46.108],[28.122,46.105],[28.211,45.467]]]]}},{"type":"Feature","properties":{"id":"RO31","name":"Sud-Muntenia"},"geometry":{"type":"MultiPolygon","coordinates":[[[[24.685,45.604],[25.322,45.381],[25.453,45.441],[26.073,45.506],[26.606,44.857],[27.203,44.787],[27.34,44.801],[27.881,44.763],[28.017,44.34],[27.271,44.126],[26.382,44.039],[26.358,44.037],[26.083,43.948],[25.672,43.688],[25.545,43.643],[25.296,43.655],[24.655,43.724],[24.634,43.948],[24.884,44.383],[24.494,44.833],[24.523,45.581],[24.685,45.604]],[[25.958,44.341],[26.26,44.295],[26.416,44.522],[26.302,44.769],[25.971,44.71],[25.891,44.541],[25.958,44.341]]]]}},{"type":"Feature","properties":{"id":"RO32","name":"Bucure\u015fti-Ilfov"},"geometry":{"type":"MultiPolygon","coordinates":[[[[26.416,44.522],[26.26,44.295],[25.958,44.341],[25.891,44.541],[25.971,44.71],[26.302,44.769],[26.416,44.522]]]]}},{"type":"Feature","properties":{"id":"RO41","name":"Sud-Vest Oltenia"},"geometry":{"type":"MultiPolygon","coordinates":[[[[24.494,44.833],[24.884,44.383],[24.634,43.948],[24.655,43.724],[24.494,43.761],[24.324,43.698],[24.112,43.7],[23.63,43.791],[22.997,43.808],[22.966,44.098],[22.675,44.216],[22.508,44.641],[22.016,44.599],[22.656,45.109],[22.687,45.276],[23.591,45.353],[23.597,45.473],[23.704,45.497],[24.523,45.581],[24.494,44.833]]]]}},{"type":"Feature","properties":{"id":"RO42","name":"Vest"},"geometry":{"type":"MultiPolygon","coordinates":[[[[22.656,45.109],[22.016,44.599],[22.012,44.602],[21.358,44.822],[21.479,45.193],[21.017,45.325],[20.663,45.794],[20.264,46.126],[20.705,46.161],[20.776,46.276],[21.147,46.336],[21.441,46.651],[22.677,46.406],[22.749,46.351],[23.145,46.12],[23.597,45.473],[23.591,45.353],[22.687,45.276],[22.656,45.109]]]]}},{"type":"Feature","properties":{"id":"RS11","name":"City of Belgrade"},"geometry":{"type":"MultiPolygon","coordinates":[[[[20.334,45.074],[20.414,45.084],[20.82,44.658],[20.784,44.327],[20.4,44.313],[19.99,44.586],[19.986,44.642],[20.334,45.074]]]]}},{"type":"Feature","properties":{"id":"RS12","name":"Autonomous Province of Vojvodina"},"geometry":{"type":"MultiPolygon","coordinates":[[[[21.479,45.193],[21.358,44.822],[21.037,44.718],[20.82,44.658],[20.414,45.084],[20.334,45.074],[19.986,44.642],[19.679,44.882],[19.351,44.889],[19.022,44.855],[19.13,45.114],[19.425,45.168],[19.005,45.435],[19.034,45.487],[18.89,45.921],[19.303,45.992],[19.698,46.188],[19.865,46.15],[20.264,46.126],[20.663,45.794],[21.017,45.325],[21.479,45.193]]]]}},{"type":"Feature","properties":{"id":"RS21","name":"Region \u0160umadije i Zapadne Srbije"},"geometry":{"type":"MultiPolygon","coordinates":[[[[19.99,44.586],[20.4,44.313],[20.784,44.327],[21.134,44.214],[21.148,44.315],[21.822,44.083],[21.78,44.026],[21.657,43.819],[21.477,43.766],[21.48,43.379],[20.924,43.146],[20.82,43.272],[20.538,42.883],[20.353,42.833],[20.064,43.007],[19.224,43.527],[19.476,43.64],[19.497,44.099],[19.166,44.37],[19.351,44.889],[19.679,44.882],[19.986,44.642],[19.99,44.586]],[[19.373,43.551],[19.425,43.542],[19.434,43.562],[19.427,43.566],[19.373,43.551]]]]}},{"type":"Feature","properties":{"id":"RS22","name":"Region Ju\u017ene i Isto\u010dne Srbije"},"geometry":{"type":"MultiPolygon","coordinates":[[[[22.012,44.602],[22.016,44.599],[22.508,44.641],[22.675,44.216],[22.536,44.046],[22.407,43.752],[22.667,43.403],[22.747,43.387],[23.006,43.193],[22.748,42.89],[22.516,42.869],[22.443,42.825],[22.461,42.648],[22.36,42.311],[22.133,42.307],[22.066,42.298],[21.777,42.265],[21.676,42.241],[21.587,42.263],[21.753,42.701],[21.5,42.734],[21.435,42.872],[20.967,43.124],[20.924,43.146],[21.48,43.379],[21.477,43.766],[21.657,43.819],[21.78,44.026],[21.822,44.083],[21.148,44.315],[21.134,44.214],[20.784,44.327],[20.82,44.658],[21.037,44.718],[21.358,44.822],[22.012,44.602]]]]}},{"type":"Feature","properties":{"id":"SE11","name":"Stockholm"},"geometry":{"type":"MultiPolygon","coordinates":[[[[17.553,58.982],[17.303,59.142],[17.416,59.384],[18.513,60.148],[18.742,60.124],[19.158,59.6],[18.482,59.013],[17.882,58.809],[17.553,58.982]]]]}},{"type":"Feature","properties":{"id":"SE12","name":"\u00d6stra Mellansverige"},"geometry":{"type":"MultiPolygon","coordinates":[[[[18.513,60.148],[17.416,59.384],[17.303,59.142],[17.553,58.982],[17.612,58.786],[17.429,58.744],[16.754,58.626],[16.918,58.314],[16.667,57.996],[16.104,58.044],[15.421,57.705],[15.106,57.779],[14.911,58.117],[14.417,58.187],[14.779,58.646],[14.296,59.013],[14.437,60.026],[14.935,60.063],[15.422,59.855],[16.0,60.185],[16.288,60.083],[16.704,60.196],[17.119,60.277],[17.201,60.351],[17.373,60.654],[18.531,60.325],[18.513,60.148]]]]}},{"type":"Feature","properties":{"id":"SE21","name":"Sm\u00e5land med \u00f6arna"},"geometry":{"type":"MultiPolygon","coordinates":[[[[15.106,57.779],[15.421,57.705],[16.104,58.044],[16.667,57.996],[16.709,57.586],[16.531,56.911],[16.809,56.939],[16.802,56.788],[16.503,56.324],[16.271,56.582],[16.026,56.315],[15.364,56.482],[14.515,56.46],[13.463,56.428],[13.356,56.802],[13.681,56.972],[13.312,57.103],[13.101,57.146],[13.59,57.504],[13.852,57.985],[14.417,58.187],[14.911,58.117],[15.106,57.779]]],[[[17.183,57.243],[17.003,57.025],[16.76,57.197],[17.004,57.369],[17.183,57.243]]],[[[18.73,57.35],[18.345,57.142],[18.146,57.587],[18.594,57.865],[19.074,57.877],[18.73,57.35]]]]}},{"type":"Feature","properties":{"id":"SE22","name":"Sydsverige"},"geometry":{"type":"MultiPolygon","coordinates":[[[[15.364,56.482],[16.026,56.315],[14.546,56.061],[14.282,55.839],[14.213,55.434],[13.312,55.341],[13.019,55.399],[12.935,55.499],[12.976,55.702],[12.556,56.179],[12.899,56.449],[13.312,56.386],[13.463,56.428],[14.515,56.46],[15.364,56.482]]]]}},{"type":"Feature","properties":{"id":"SE23","name":"V\u00e4stsverige"},"geometry":{"type":"MultiPolygon","coordinates":[[[[12.552,59.144],[13.199,58.766],[13.62,59.03],[14.296,59.013],[14.779,58.646],[14.417,58.187],[13.852,57.985],[13.59,57.504],[13.101,57.146],[13.312,57.103],[13.681,56.972],[13.356,56.802],[13.463,56.428],[13.312,56.386],[12.899,56.449],[11.928,57.577],[11.72,57.667],[11.222,58.506],[11.129,58.911],[11.245,59.092],[11.612,58.961],[11.826,59.238],[12.552,59.144]]]]}},{"type":"Feature","properties":{"id":"SE31","name":"Norra Mellansverige"},"geometry":{"type":"MultiPolygon","coordinates":[[[[17.489,62.137],[17.249,61.002],[17.639,60.732],[17.373,60.654],[17.201,60.351],[17.119,60.277],[16.704,60.196],[16.288,60.083],[16.0,60.185],[15.422,59.855],[14.935,60.063],[14.437,60.026],[14.296,59.013],[13.62,59.03],[13.199,58.766],[12.552,59.144],[11.826,59.238],[11.835,59.609],[11.84,59.841],[12.419,60.113],[12.538,60.422],[12.35,60.944],[12.67,61.056],[12.791,61.392],[12.152,61.773],[12.189,61.897],[12.233,62.045],[12.299,62.267],[13.144,62.06],[13.665,61.666],[14.448,61.595],[14.523,61.773],[15.026,61.914],[15.327,62.272],[17.489,62.137]]]]}},{"type":"Feature","properties":{"id":"SE32","name":"Mellersta Norrland"},"geometry":{"type":"MultiPolygon","coordinates":[[[[17.573,62.435],[17.489,62.137],[15.327,62.272],[15.026,61.914],[14.523,61.773],[14.448,61.595],[13.665,61.666],[13.144,62.06],[12.299,62.267],[12.255,62.331],[12.04,63.198],[12.335,63.725],[12.83,63.924],[14.023,64.167],[14.036,64.406],[13.734,64.611],[14.326,65.119],[15.368,64.586],[16.719,64.028],[17.657,63.924],[18.782,63.799],[19.286,63.47],[17.573,62.435]]]]}}]}